id,name,spotify_id
80030583-a861-4868-8e6a-45991ccec602,Dugald Hens,gnb2gvGtmVduMr
d1e9da42-76ea-45d3-b663-23de1c8b431f,Holt Pugh,dyFtLrvHB1IfEC
1c6c138c-d3cf-4676-b6c3-b31d70f4bdb7,Lita Flucker,5qsAbTRxzWyGgb
b49dc57c-7136-41e8-8257-5fc7ab0ea49d,Charlene Compston,frGI0j1Q34H3AD
4ad01bc5-1a1a-43a9-a18a-9e1f70ba23d3,Joellyn Klejna,OHim4o4K3zlx3Z
bbfe40b9-410f-4fbf-8a6f-9eb93664d315,Doroteya Parkman,HwLuJrKmCbJC5D
1e74f8e1-f10e-4ae9-ba9e-423225b20e62,Alec Kedie,wkltQs22YXgqDV
6d76076d-a5b6-4ed1-a933-dae090d31c70,Fawnia Affron,3JhHCforLFOgJp
63377898-ed5b-466b-898a-8e0dab0e78a1,Katie Kell,P8yehBW5zZdcJi
41e77bec-134e-4457-a00c-791392336db5,Caressa Cruces,zNKoiJKlNJciB8
531e7cd7-a77d-4370-8f04-d8f62f195ce6,Cullan Benditt,7Vl6oDm5PE6Trp
73e76481-a9fa-464f-9e58-5ba0c1754e4f,Elna Shivlin,crqOHKJoFYNsNd
ff5aff90-c204-41b1-8eb9-3cba67650a67,Austen Mortel,RblTJQVzW7603G
402f2b17-f7cc-47c8-812a-9c36a1a02816,Rafe Blaszczynski,2Df7sWJJiOs51n
ce8b3942-b838-40e1-ad06-1a2d31cbf021,Levy Mellenby,IibcxWQ6IFns4c
71673020-0b9e-4bbd-b5de-4fa25f98912e,Kellen Cheek,eYBbVIL6yRLW1e
809e59fa-304a-4fdb-8a01-028e1b5fe719,Edeline Parram,DHLnieHKwyT1Ol
fcdce6b1-d3de-4dda-b319-fc937ab938bf,Falito Bienvenu,TgHPyjexpyVPpG
9ff9f595-866f-49e8-ba3c-581e81b45e5c,Boniface Bautiste,kWbLblYEDhrFrK
fca71084-3660-464e-9002-8e64e1ac5383,Timofei Jakes,tu9yRmHCbMABM1
2c37f9d7-640e-4dda-a20b-3c21f9ef085d,Pierre Nevett,YeKpe60En64OVW
24fe9eee-d51f-4112-ba97-05e4243de0e8,Reid Renvoise,OFEtmfZC7HPEtq
9a74d7e1-35b6-42e2-8c4c-26b07591dd75,Cirilo Ackery,FPTxXxWgfmJNoM
753bc80e-4058-4c09-bfa2-bb4d343088bb,Rozelle MacEvilly,xoJidwA30sSbzp
7784641f-48cc-41fc-ac2f-40cbaff7abea,Garik Caustick,Vpvvvl6s7qsPkv
75e9d082-4da7-4626-a4d6-bcde227c6b52,Boony Fidele,cA6vJHsrdzL9k4
f3e4d490-94a3-44b9-b922-441c4d0c3e1c,Torie Saylor,jhDt97aIXVL3ly
99cb5e4a-0cce-48a6-859a-5e6e362c6856,Allison Meneer,u0Byx1JM2ody4Q
994b42ba-2127-410a-b2c9-0307f8ce4baf,Bonnibelle Skeemor,LpCJAMUyX1unlT
ca010923-5850-4ef0-8b3f-c2ac1251c845,Cristobal Grayshan,rCNx2hdn4DT30N
fd92c551-24d4-49e0-b161-e387963fa387,Hadrian Ceci,XfnNnAPDAwuJuf
3b213d6a-eb92-4237-b362-c52625569761,Jaime Showen,BEYhtu8Rc5fahO
e910c0d5-a6fb-498d-8bb0-7e6b5bbde739,Vivianne Batchellor,1OFV2hKm4KBwDi
bb24a44d-b5cb-49b5-9667-e6877d67448b,Palm Botfield,9UaGyFV2CmCIjT
7fc3f209-0955-4630-a9e8-03f8be52ac05,Parrnell Camblin,2mqiXzWLnMytln
c08d19f6-aaf9-47c8-9ad1-4bd1b25b4a63,Vachel Sturmey,RnrcplpCbw8Gya
b54c7e09-4bd7-413e-b217-c1c6651aefd7,Adel Silverston,UiwPp4rUIj4nGn
0f856cf7-c245-4402-97be-218425a84a3d,Brana Rosencrantz,LY0QCQBseGYSPF
4cc416e4-8be9-4d2c-93d8-60fc305c5d3c,Blythe Raspin,Y93vTCMnfZ40Dw
89671b79-7eff-4bda-a508-f7051bb5bc57,Rodolphe Lillywhite,qVnYTLc67gRdK7
245490e2-e288-4229-921a-d3506618a06e,Inger Andreutti,VGYM0ul0MUPwO5
fede7442-6c45-4374-8c35-e5769b97a101,Alis Dionsetti,Ox44j9mFbVbiL7
c53b743b-63a9-4f14-8ca0-4b360377db8a,Robinson Dalliwater,LPup9gXMBHNBn6
61729743-9eb1-43f7-8a7d-481f554b9c44,Meridith Asbery,adFr7IX6fX9hCD
0f380ca1-2f86-4ed0-9b94-a5a803a9b672,Jackelyn Belison,Ux9MAc2yjsGc5r
42fc1317-c509-423b-b4f0-ee1bea252638,Katlin St Pierre,mEseJp9cQWdjJ4
cb073941-a531-405b-917b-01ffdf26f2f6,Charo Jaegar,cWXjg7n9Bwjjpf
b48fa4cd-98b0-49f8-a848-859370ea23ef,Leonhard Soltan,VqY9QegouQzKVm
fd1f6d4f-90d8-4240-a695-59181c16f48d,Fleur Farnham,la1Q5LygMyj0lw
099d2c80-a6cb-4e74-91a2-3db0c468375e,Deva Lardeur,I5nKwLsLZUuKhn
a3b778ba-55a8-4035-a1c8-970f2917e805,Jarret Bickerton,ZrmaSBAqjSDAu3
a91aecec-79d6-4527-b2e9-750f081e1388,Berkly Ivanov,Y2S8Zl5uEpKlVD
994da51c-8da2-4b96-8bfb-6af881f76fdf,Padraig McLanachan,lBphtQx78t5aF0
4fc5f0dc-5d4e-445f-894e-6f0dc72aa663,Ruthann Virgin,7ESND0djX0UFEZ
c1e65dfd-0454-428f-920d-d12a493873f2,Ennis Bhar,4FqH2ukRJjiE9n
4eebabcc-e2a2-40ee-9435-dc06c06cc4c6,Chelsie Fairebrother,S6mh6ATMK1dFGc
0e6b2182-8562-47e9-bc3a-9ce07b21a10c,Harwell Mehaffey,DtF0Vr3y7ZRJq3
ae1c88f6-e85c-47ea-9340-a78cdba4a7a4,Alfreda Kayzer,KYpr7rM6BdX3oC
db0aede7-732a-4335-9a1d-c574bdd534a6,Janaye Pettegre,fSvV28uQnHPwcm
40ca78f7-316e-4f02-9fd0-4708db7559f1,Dermot Beckenham,nmPGjgsQNHFl7A
fa926890-0185-48dc-bf36-dbaf94896bde,Othilie Righy,QDRRPljymxDs7J
06c647a6-0269-466a-8abd-1fda54f3de77,Rutger O'Corr,f8DbcfWW2k39qE
59270f32-9c3b-4f1e-8a55-49b3d44d5b7f,Dinnie Fulep,EqeRm7Fg1Rek4u
15eaf3a4-406c-45dd-8e49-83c519ccfbf0,Martina Colleymore,kigDZoqcbwHW7H
77257eb2-7a19-43a3-ad22-c5819b3c5d0a,Jammal Garrals,Vuhhkp1s2ULfHX
1df72643-717b-49e4-afdd-4cbd92ab6590,Sophey Romagnosi,DFmhcRtE2mqcMI
2c0d7d70-92aa-4e88-926a-89abec210f2f,Jeniece Washbrook,kSkvNr6YqfhJ2t
8cd4c9d3-b5e7-4edb-90ef-d8d81e3dcd35,Rollin Sends,DPJh5cKMtlcSpt
bdfffd00-279d-4d2c-b19f-ba0b5f3b48b0,Sibilla Mahady,X5qh11ntD03Xel
60b6d13e-e730-4028-89f0-2034b1aed25b,Emalee Sharville,HkIJO9FTmOdu6q
a4c85173-1b15-40f7-8e2a-0520d585878c,Darline Tomsett,BjsywZeclC9WRE
a249e43e-4668-4dcf-ba70-d471463ea5ed,Noble Denne,j12sGproMt6Eni
87054deb-8738-4b15-b14f-463e2fd681c8,Francene Overy,iuczgSV0nHlNR2
61bf0300-7ba3-4b92-864f-6ad04357e878,Augustus Overshott,gYmOUS6fpAzeX8
fd893181-5218-44e4-98c0-85de83c64730,Coleman Perche,aPOP0HYFfDMlbr
9fa66012-2815-44e9-8016-ce66f730d042,Elle Ramme,uQoM5lguxMWMsc
a83f9dd3-3998-4c03-91e0-01b28a7d483b,Kelcey Grolmann,p7N7UKZH2zy8DC
af16bf6d-0999-46e2-b137-db96eb6a0130,Jo-anne Weiser,MNfnCpurcUlyUq
3511eb6d-3468-4ddf-b63c-4e2cdcacc165,Angelique Medcalfe,bbFrMc5wn8nlzG
9bc08c6b-fe6b-47a9-a69e-87bb4ee451df,Leonerd Binge,37lTkkvv2Nx5sJ
6cd7bc84-bd28-4b90-90dd-b9313d5903e7,Tessy Longo,5yV6ypqKCkI9wJ
0cf74389-1ed3-46b8-8aab-2571ba3ce8ca,Jamil Wardley,UCjNnWKmPQSBWo
50cdabdd-bc43-4146-a77d-23d4be523334,Jessalyn Drane,xoqX2V1Kc25PQW
0be8c003-0e97-4c42-89b4-710088069d42,Noe Liddall,qAoChrOBWJ72lX
6cb53178-0bce-42fd-979b-21563aa925d3,Llewellyn Manvell,vfpYUBjPGAwvV2
e24f75a0-6345-4eef-8467-4cca218567b6,Cynthia Benoit,RKQpbeXCk7CaTJ
d3554806-ac0c-4172-a3e0-81f25fb374ac,Adolphus Vasyunin,zBSQl5DE3wVsTr
a5f7cfde-845c-4121-b933-2293e6f76e0c,Ber Osler,aILxTyaBecK1WN
b849b1c0-b20e-4fc1-b758-f6ece93e1cdb,Dottie Cooper,cJKNkO9H5kUcx9
236d59b5-8ba1-4cb9-9d5c-64e95285f5d9,Alvera Gurry,ZIknKm3Yo2CVUc
02b2ba29-a743-4562-b507-073117bd8864,Stefanie Parnell,xsfknfXu7TSjo0
e9d3db41-f7c3-40e7-a1bc-deca53fce38d,Zelma Watkiss,JV4tKsjWiX5X9w
8f2fdd13-e903-44a3-9846-ada70a54a458,Lucas Adamovitz,yAI5uJlmSb6apW
654fde69-c306-4058-a861-13cab60ff8c6,Brana Bolte,oekBP8uwM9uNGS
1fcbc6ee-ce4b-4cf6-85f7-24a511d4e3fe,Ancell Ottee,8lWw29eOUei3Yv
8c5df4ad-096b-4a58-b16c-e3e26d6cc4ae,Burgess Goodwill,RvBnzDnzqAnUuF
ca0952ca-f178-475c-9805-318bbdc9237d,Coral Rainforth,K9PfeUid7EeBfS
ab8f6d9e-5a66-4731-a08b-05e61a3caa21,Beck Godwyn,yECMBh0luaAPEF
7ac83d37-198d-412c-9ffd-d8a4406ac1fb,Bartholomew Withringten,WPmqwlwrnis82M
36265f85-caa3-47fc-a0a0-0e8ebbe767df,Fredra Jantzen,U82kn3aSzdMQAQ
0f4cf5de-d26f-4083-a997-e5d01fb9d52c,Daphne Vautre,JHoMo4aVDlUk8i
96f399d1-3f69-41b2-964e-fbb181bb7007,Fraser Elverston,XFMVoVqBBxWXe1
8f4eae47-046f-46cd-9508-ea232adbe7b6,Anjela Gresswell,SWNcNOYj6eZ9vP
d2e98459-69fb-4d08-be8d-22220fbb9691,Kit Caygill,BnNokX2tf1oRXL
3c45e601-1cbb-49e2-aaa4-c7bb0c74c247,Zelda Faers,jPmoJZ4JVqmV15
1ae00828-b76d-4bb8-a93d-1358d9018709,Lisle Oxbe,MzsFEjT7SgFyIJ
00759244-8824-4efe-950b-e758c80e9a60,Adeline Stickler,2RfnBCgV3eVqQX
8be301d0-6a3e-404f-8d12-2260b16214e7,Whitman Potteridge,dCUmzDVULThecs
95ae4dab-6640-4e24-a725-694fe18f7c01,Dru Laskey,a5bpla1c2hXCz1
03ad67c2-0745-4f11-8d8f-eed81e59ce89,Debi Danilowicz,dZvZzPJCWUTwz2
9638cfd6-05ff-4773-8fe1-2c597f6d44ee,Garrard Grimsdell,WTqpNkb9LqE4Gi
1ed47a99-2c75-4eaf-b72e-02ae775e8ce1,Salvatore Labitt,87EtTk21b7rrAV
6d9753ce-53fa-447d-a27b-8a23e37e8d1b,Patrizio Comfort,swwHbyt7kKlc7t
2780f5fd-9431-48f3-85f7-133d356fa641,Laurette Perceval,8eVaPTBgHy2EWl
0df8cf97-009f-4c3e-81a9-c81423eafc49,Anette Steddall,sx7tghpHoXWgs8
79b78a66-7322-4690-b548-f346488fd40b,Marley Local,AYpURbisokE6Yp
e3320b49-abb0-4a06-b990-6b6dbd89586b,Rhetta Allchorn,C6dzFOJ5R4plcu
0e107edb-ac14-4291-948d-376f138d5aad,Orion Sahlstrom,gOgUWYJXjLK2lP
e3edfc27-36dc-45d3-8db4-3d0156142072,Alanson Summergill,htbxatGYBMn12N
75f901b1-2383-40cb-8b1b-e239f3d327b2,Rafaelia Tuberfield,6LVO27Vmgj9FjL
22e126e4-abb2-4e74-a45d-b2e4a7c46a32,Constance Mealiffe,D2uMQ9chamWMTY
0dd50000-99ab-44fe-9e0b-59b4fe1c9075,Letisha Devenport,ZccRi37276201p
92a60abf-59aa-424b-961b-d669fb969272,Jeff Gossage,QJcvHyD4oCcb1U
11921018-4836-4f51-a48f-dab02ab7832c,Kirk Stratley,JNUh9Gj7Smm72a
fb6b58e3-ce6d-4f1e-916f-428fd16e8eb0,Haily Oxborrow,B4HLJ424dVztBT
1ddeaed4-8e46-4c26-ab9e-135c85978814,Revkah Reilinger,9kRT0Gm7GhNIuM
e4da68af-f045-4385-b6fe-436b1577170a,Nikki Burchett,wiTMxlmKZD4y99
b30cd624-e555-4898-a936-a44fdf74901e,Thadeus Waadenburg,ZjGO5Iy0WXOpr0
7f69b623-6c2f-45fa-8774-e757bc9742a0,Justus Ames,ch3tQB8Boc0SrO
55a55536-2c55-45eb-9059-208d893da699,Garold Kestin,IByKFpW6TX5phK
a02095da-8af5-40ed-befd-698ae9f97a02,Mohandas Wileman,9vMGOjsPP7DnZ4
7ef16648-c196-44bc-97ca-2c15bccd6c90,Georgianna Laurisch,hhXALJPtcEfPih
db5c5b57-e138-4829-91c5-72bfbaa13fe7,Bertram Teml,Sf7yJrXHw5h56N
652baf1e-056e-4960-83b9-6342ea228ca9,Stanislaus Vannuccinii,CIUMpK9YXmQXqc
0d861f46-f912-4215-9031-2f08c03fcc1f,Mina Woodrup,BAnUHUIFu8qzKg
7fee453f-4634-4551-8341-a8a12ce48d56,Camilla Rawe,quKZMgvIlFvD1j
227b6000-c189-4187-a305-23bdf509db82,Sibylla Mac Giolla Pheadair,QxjdFmE7WLkRWz
469713e3-2a25-4bb1-8800-c5dde44cfe2c,Bradford Gilsthorpe,hF4vgyqKnA8oSB
dd66b968-fbb9-45ef-a157-41c595fae50c,Rolf Johncey,RAg3hVK0bflaXg
a77bfede-5667-4413-bc70-d90b7fd280da,Silvia Boken,3qpm4RvaDHVpW5
f02c58cf-938e-479c-9862-220eecea5784,Juieta Girodon,LabL6Kwht4GFR4
bcee4f89-2e0d-4f0e-a94a-d0221dff991c,Pen Kell,pLTXkev3C7CO75
c6e74ba4-e74f-454a-b9c0-5424c6bfe330,Helge Scaysbrook,N7IB8pTkArqpV4
8d0710c1-85e6-4c49-a295-5b988dd873e7,Kipp Earwaker,2H59s4DCKhYVTl
99c6e81c-518d-4984-9e23-015d771a4bb8,Tommy Bunyan,aYB44XTh4Rb3jQ
c4572b51-8ea8-42a6-af5e-a9435b774f7f,Lorinda Harkess,8ebW4V036NIpxa
146547eb-15e2-4180-aca9-e2b637ab3d77,Obadiah Girk,KnTm3WnhuVZ8t5
4df320e5-8dce-4324-87db-11fcd4db46ba,Gretta Scantlebury,Ew0I22ObAdtyCm
a151f36b-4f6f-4d7e-81a1-5c8afb485b84,Ingra Tebbs,fQ6WFcVOxwgzDS
775afd0c-efec-4692-8882-fa19a9ebb00f,Wally Gorvin,7YYvBdsIvfSBcL
08cd6771-39e3-4b2a-908e-6b5eaa105976,Nikolas Quarlis,uDdpXKLW0XiLRZ
7a0983f3-c751-48d3-bf73-33ee3b7fcf7a,Marybeth Creedland,U8VuGoNsZUSOCu
ef08de3f-b814-491a-98f3-1111d8f5f177,Terence Bram,QAfCrxWXuYAlOn
6bc9f318-4310-48de-86d8-6560da6f2bc0,Nathalie Isaak,G1xRCZuC4UjrC7
8655ae04-d1eb-4e06-9d45-0ee50a23fc90,Agnesse Wormleighton,GfE0QIgjQWsay8
5feb0b81-7ebd-4ceb-b1df-18f43fbcac19,Corinna Queen,Q9spIOW3wproTe
67ad93bc-41ff-4266-913d-1bc91c7f2e2e,Ericha Grimme,fEsbYJ1fubVOI2
13c4f3ba-b881-4408-837d-03a909301cc3,Hube Flaherty,8aoG8b5UmqXF0t
cd23bff8-77c5-4d4d-bea8-5c6daee1e389,Abeu Camacke,AENIiZHIlIJDRQ
51e3ce79-701b-49ee-86cc-4f7957beb562,Kathe Bracken,VBnbaqJjxP7b81
15f32b4a-cc14-4f84-bd0a-9b9fec6c0ff9,Towny Arnet,S03aFNQyfyPhDq
863a2ee4-37e2-452a-b381-d03e39db1591,Dick Gynne,7jUxcM7SryHUaZ
1014491d-2933-4904-ba32-ee6a44630ba5,Ario De Luna,7XnQ5DSdBIfmaP
6df8751d-185f-4781-aebb-141ae1154729,Conny Clyde,Ogs8fLofQAYdf2
9c3e1144-2d75-4f77-85ea-a706e7d8a68f,Kizzee Vanini,f8ked9FL5ps79L
7209ee7b-f2e5-487f-8e0b-61f65528b5b2,Findley Wilhelmy,a8lg5zqI3aKvOp
09a2167c-aba5-4629-828d-45b84d12234c,Ingram Jeff,EATrMLNrXU2ALV
552f41f7-18b7-4bdb-9256-45e774eceb08,Aretha Frears,QeekL8DbdTIj3m
90446add-c98a-44fe-a5b7-d54638b77ec2,Zenia Burree,80V63Z8G5Hg1yY
10899885-65e3-4a46-9888-901e8978c2fe,Lamont Andrasch,hC92qrteU2RwqI
b9642cff-6c18-4f27-9f66-cbf3d267c63c,Vivia McDonough,STnMTjfUaXPz4N
acc80ae6-ed23-4333-813b-f4b42e278140,Davide Mayoral,TSxScr1ixJOSNR
1d90a577-a17a-4836-81b7-82a40b0a304b,Aubrey Litton,MkxzcWb2jn6mCk
b6911832-ca64-4176-bf37-8a23c2b5b9ea,Lise Coggings,qIHM8ofuuXo89y
eeb78981-8e17-4125-a41b-23fdb1406065,Jeth Gryglewski,lYcFBUnlHbdzw2
db186a62-f308-4edb-923d-f4d4419db91a,Toby Pyrah,U3tzCTDcWQy42A
025cb4a4-10ac-4a16-b71c-76f3dad19114,Delcina Nutton,C5X5nEJvhKBIVg
51a6a3bc-3947-417b-af1f-4456c55a8391,Dalila Cockhill,xMjmHlc2vk2TNO
121ac045-b2cb-4e83-92ec-3b78382aa782,Giorgi McNevin,AZYU3QXvtpxZbw
5c717366-4baa-48fc-948c-c54c29cf3085,Glennis Scollan,fVW8L5KXJTcJZR
08c32f36-8e5d-4ae6-8d36-21c798c1a38a,Gaston Norrie,14H2NGLRYtKmUY
d4a8db8b-f127-4944-9f7b-3ca5992156fd,Em Allchorne,To3dYHCl7zwKEK
6858aef9-9e81-4c70-923d-a3031a0c6262,Nona Bellis,cZMl5iFlZltwwm
c6a80e94-da8f-41ac-bd6a-eeefbfcac0d7,Merry Freckleton,6e7S623U9hDz70
8eeb01ff-dc31-445b-b718-5a059e0a29c3,Georgie McLaverty,OhQ6NjIcF1mMWR
9c824f64-8203-4b29-851e-d3196a0ef1e6,Martin Thring,knlfwDMMgg1Bpb
06693ae9-0a8f-43ea-90f3-b33e15023940,Charisse MacGorley,R6SnSdRfYvHo3s
a99716b6-8751-474e-8429-1fe7a9d19afd,Joan Guierre,szQJ08NNb6UwpT
c161f29b-7ede-416e-8855-d8d69ec46e90,Yoshi Fearnall,fAMAIOfIlL1xWD
07c62bcd-323e-4a73-8b76-9ed179156196,Alfie De Pietri,YxnPQzE9HnWXl9
67de3d2d-2c51-4202-bf93-1d6564af67de,Merrili Bruineman,3F0Wm9EcoKCA1t
48317964-6dfc-4cb2-bfab-94d09807b6f5,Cassandry Walework,oU6tVY8GOEGPTy
7a189e97-9f21-499b-a73f-9e9652f1fe10,Corabel Lefeuvre,b8yg5qBKVWcFY9
df779b9f-14b8-46d9-8855-0e4cdc4c23bc,Cassandry Huke,XMb4iKbzWbjjO9
f64fa568-383c-43bf-be0e-584a9f895c37,Justino Garbott,slKSmqXQMq1HMQ
3ab24428-9d94-4c93-b683-ee4bd3d8fe44,Jacky Mungham,yJTK67bqhwsBJA
99692c62-3c45-4437-a239-f0aac8d47b6c,Torr Curl,oKwSmSineJhDv5
b75809c2-194c-4c05-ac1c-85c2ba16ed7e,Antonino Romans,RUujHlXzb8OZW1
0543ce9b-d703-40b6-9c97-acbe078f8eae,Barbe Flint,lxHM4d4Igplwbd
e688bbcb-c6d0-4ae4-a106-24f7e2f87c7a,Gregoire Bramer,vObpY1ICbOT3Uy
67c85986-e56f-4375-bb1b-1412240bc332,Hyacintha Collcott,D8MfeYEWLOISOk
5072936f-4a79-4ceb-ad86-90d832525c7f,Pippo McGillecole,1ghdBXZYIX9uAJ
5d0abb27-0c86-4a1b-83af-d8556a50d4cc,Jade Sporton,0SHznaPuIngZrH
8a441f9c-ef96-486d-8158-212845b980eb,Gus Le Grand,In7MVLwIBH9cF6
3b618e59-3304-4a46-bd9f-a35ba04e9706,Mitchell Knights,RykmmJ0kCyl2wy
8f4bfc4a-c146-4156-8df7-071f9aed2c26,Lucian Larimer,WKQpjZ33ZAHxw5
c3565a34-3ac9-4488-a7fb-7afab1c4a519,Tobie Cecil,cdi5RoXz3okUGk
dfd1c752-9fda-4c9d-a0d2-0ba6f41ac59c,Geordie Branton,VSdQKZQvtkHA9A
f1f6d387-d1cf-47a4-88ec-cf5cad9cbd0f,Duffie Foxon,b4qcRRy2qwtzKg
0f6dbfd9-af60-41c9-9a87-cd76b2b79e3f,Lothario Chrispin,aDmQmpn2qaJXaH
2fb7bec1-502f-4de7-bd85-c846d038c8fe,Page Daynter,YEBi3Pgpk0H9Vo
65bffe9f-3cd2-43f1-a637-c478692e63b0,Benjie Penson,c5tYdtMFizCRVD
485baf19-8771-4740-907e-ac097400a04b,Rad Spanton,5z3eGGzOUW7b1o
7c5c0ba3-04b5-47a9-a55b-f6e575ada8f8,Kara Meeson,zT0VxWWphmh9rS
ccf144e6-2b39-410e-a7ee-8d5fd219a6ff,Denver Emmanueli,PVLC5MAXnGU7Mn
0ba59115-323f-45f4-9ce6-bb46b94689a3,Flora Campelli,KuVq3bfCPOhZyh
a335b0fe-0c84-45c4-a0c0-25be6e9b31bb,Ely Eller,dzczYy2zKqFt5Z
6b2caaff-2a90-4113-b382-a3245b4bcc18,Klemens Saill,29XBCDIfPa1SnT
0814fa4a-2ad4-49e0-8505-f591d3f4e257,Wilma Pogson,KlBwuPu2eUs5jD
3203572f-17d2-410e-acd6-29073eaec532,Ambrosio Coase,xoV6NnmcDzzzaT
f325ceb1-7010-45e4-a0ba-04c3e7edccbd,Stacy Pesterfield,gfRWertoXabrN5
abbd7c23-39a9-4bd8-ba8c-67a7c03a7855,Cordula Boschmann,jqpoouZOgN9c90
fb20ce74-9e10-46e3-9623-20cf02178731,Ester Heselwood,usoaS4NFYbV1gS
5fefcf5c-e3aa-481d-b839-264ef182c75f,Joseph Tulloch,WIAg47HSx74GKU
ddb1f78c-44fd-4bba-9385-5e84748542c9,Natassia Bramstom,O7zKGaXBTx5U8k
d4d399eb-f514-4e9f-af9f-6ea86d994822,Gene Bauduin,w42l3Fua8CoiiQ
46e9df5c-a14d-4595-a0d5-14ee831bdf89,Nikaniki Cutress,JXDRYlmPvebjOb
b6ba29cf-2469-4ebe-9eb9-e1e89f086aa4,Kean Ferrieroi,THF3hIS2I956Vs
b966ca50-dce4-4fd5-8900-b4194522b890,Silvester Euels,7qP0aXuJjGMreF
16f5ea13-8cdd-4771-8451-d38103359f6b,Thedric Lyptrit,zC9ESa2lYTXUOg
afbca868-1cbc-450a-b3a5-9c5093309b01,Ruben De Cleen,4QWAGWh26HJRww
67762dc0-256c-4f00-9106-b26b87a09262,Jules Boribal,18BqDkbUcrzdPr
6e127d96-816e-43d3-8c1a-124d4add6b15,Lura Bigglestone,1CFPSgR6Mv3lkQ
c07fd351-5a83-4666-9697-53d1dea043a0,Susannah Ceaplen,V1AiiUvjWRgxNI
c2312e92-ca82-4e37-82e7-a6da333311a5,Gillian Meakin,xmY3wbDPziwaQO
32ec9580-827d-4ce6-ae21-63327f5c0835,Mariele Hebble,OY0zsGiSMEWzkY
18934e6e-abdb-4b94-9995-90f65407526e,Carmina Adkins,D3EHQtbaYV7czz
31d5eedf-4372-49cc-8ff1-1e1e83f91dfa,Belle Filshin,xOeqHU2p6QWxiw
4379677f-86cc-47de-92ff-84691fc5bf93,Teodoro de Savery,nEJT4ca3RhZOoM
93864ddd-e967-4436-aeec-d11473f65bd2,Patience Armer,li2LC2XDj8XLXE
f0957e76-3c40-4154-bfc1-385893c2babe,Mozelle Thorneley,TKsOSgVlSCFI0q
7ad0e9f7-8bb3-46dd-947c-39b973b28d2b,Jennica Hambers,CHCcNPPvasFJqS
0bac72a2-b376-4f75-ad92-ffa158b01524,Tandi Gregoletti,iZZ8UK7GeFTzke
8e66a21c-f6dd-4670-8ef6-9e95666c104f,Vanya Hail,3lvpdfbi0Sb3oH
18ce03c3-1368-4b28-bedc-74a0454c8be3,Elaina Bere,KGg9hPPAiGhcHQ
0dd783e7-252a-43dd-82ba-ef051cd432ed,Portia Denley,wPQwu1VlLHkd0B
43bf0fd2-b5a5-420a-a05e-6a0ac3153ca0,Lark Danielli,bsiF97XMX37JXM
1c96163f-f79c-4f0d-a769-8b33ff9f8201,Angel Barras,fOhOBzhE6TmMRE
4c1666d5-ec19-433f-8fd6-d5f012632bcc,Ginger Crummie,CsGOX5N9RCTelw
13a249c0-c12b-4f01-ac4c-375c9a1a85c9,Enoch Griffey,Yx8QGFbPz6h06t
d822118b-7d9f-4ace-8ba9-e92de7c544dd,Cary Mixhel,D1bdFRm5U1VgK6
e822cbeb-efed-4c70-9873-042af9cc1292,Barrett July,ww7k8IdfN1cFuc
507f5a1c-dd51-4ce2-9d82-eac41c70b4f5,Ruthann Pitrelli,OVOTHbgLOj7NRj
466c26c1-a76b-4f64-b7cf-7703c5f86f9a,Emmalynne Anthoine,3FE2dAShFXvD1g
a84c3b36-ddba-4fb9-b459-7938ba745af1,Wait Wycliffe,WfIZFfwjkE8rBm
0cc090e3-65d5-4343-b5ef-32173541115f,Kippy Tidcombe,emFXfWE9BLsPWk
9c98d8bc-654e-4d73-b84c-6455682e4afa,Elwin Burdus,WD3VjGixtMyteG
54cfaa7b-e5f7-4797-a24a-c8abe2944f37,Broddy Eallis,lrsNqUuqJQ3gty
4738a622-3421-4cbd-b2c6-6da687a1e768,Rozanna Capozzi,e3gDOc9KykiOxF
d40860a4-d808-4307-a0bb-783b305554eb,Leopold Rushford,GJAQFJQRPfG2WO
06013fe2-06f2-4079-b9d4-dce8f3c2a02f,Emelda Erlam,tasKvCDvLIS1bh
b50f0995-a588-465a-85e8-eee2cffea87c,Lizbeth Yokley,AII83966f9PMVm
ba109e30-b92e-4d27-a304-9792b4bf182b,Karel Turfrey,rGC4Bca3g04tMP
580f9dbe-44ed-45b4-8ac8-e79d99dc788f,Findley Pitblado,YZIg2e3hCB3PcD
5b327de5-3a41-4aa8-b364-ee2eaf87dac8,Berti Knibbs,bDg4AywEKlw5NN
a9da453b-1541-4467-8979-9003f7f1604d,Garrek Theseira,hXWnScSGK9UDMd
e6bb9abe-4061-4b2e-9d7b-59851e3eb2f7,Bibi Godfray,4sxpL6AqmTUGy4
a46c373e-d1b7-48ad-9c4a-e17bd7ba35f6,Eddie Teacy,t1ZrLB9mQzgLvY
22d7870a-4c96-43ba-84e9-182d4e9c67d0,Lindi Bariball,EsYY0wS8PW76EO
1305a75a-3858-4b8e-b490-be31895bc4ac,Johann Oldcroft,ou2BSxjNeoFqne
a83c1277-3a80-403c-b65c-0b8f079e59d2,Townie Diano,JiXlWbDVbDUhJQ
4cb97f19-7ccc-475b-be75-ed9afe64e982,Brittaney Ragot,dmhmHDoqF0XklE
f2ed37ce-d316-4085-ad55-98bcaaf7c885,Thaddeus Ivanin,vTqHPv4H5iqOgG
30fb4cf5-9ae7-4592-8585-a2c9651beb51,Frans Shawyer,XsmZdGWgI5UlNP
ffb70851-e7ef-404a-bddc-25956b74b38b,Corny Farron,MUWdJeERCgk5ny
aa11506e-091d-4da6-88f0-bf8f94b3d90c,Violetta Rallin,n69E29wzIIMWvv
234366e8-6620-45c8-83b0-f8f154b41600,Iorgos Amys,DHdsQ4vLT6wNHL
e10a242c-dd33-4ad5-a953-84ce927e9aee,Jolene Cristoforo,KB4ngOJw3xYqfQ
af0c73ae-9534-444a-aa2c-48cc89c4ff9c,Raviv Napoleon,aE9rX1Uf500E9G
a992dd2d-4251-41b6-bdc4-545461bd8f66,Suellen Danby,xDUOjFXbCemIWY
f772464b-d233-4b25-a668-6878d5eab3e1,Standford Cawthra,7exRAEeblZffQq
0f97c85d-ce13-46c3-9831-58e3eeef19fd,Cathlene Feore,1gse3edDePhvEn
5f6fb339-9cd9-40fc-9430-c046d7d6220e,Rufe Vossgen,lyDwfVSmlHFZ5T
0d6c346b-6bc7-4a8b-be41-4f3cfd88c523,Grange Lawtie,mbT1IkTnXHAIow
3f876ccd-e1d5-4926-bac8-d7d7db0b368e,Madelle Bezzant,L4V8NAPV1NcTMl
0c7af940-8bf6-46e0-a9bb-d701cb8e6fa8,Torr Iskowicz,TpXFRPeDSMuKNe
f98c4688-881c-4310-9eb6-a4c851a8d50e,Massimo Moggie,190MiSS9q2Vni4
03164ea9-69c8-445b-8dac-e18df3ea4fcf,Kore Carder,YtzbEbgXtpN0MC
fdcc3d3b-ea46-42bb-bf9e-7b29e0b10a01,Titos Gonnely,NvHXqjZQQLTRUq
8437e37d-b7fc-4a84-9deb-65e59164c757,Sheelagh Yakubowicz,ulSBXHYNsCjhpQ
2faa5069-ba62-4496-9833-b5f726ad2855,Aymer Martugin,RP0R2ypO0ToYEH
b72df81e-8d16-4d0f-a031-6442c8d5a6ca,Hoebart Dawidowsky,EpxjSIrJeDwe6h
cacb2d48-a13f-4abb-b365-3792db575de6,Rochelle Euesden,Zl7VVy40Ol6HSf
d2c0aaf8-7a89-4de7-9cf0-ee47388c4760,Vivienne Leask,1JG3JMguvgVoc0
0df52a41-562e-4945-9b56-67f2ce93aa13,Rodger Brettoner,dmyKuQzw5EtqwW
436a3735-e680-4194-95ea-20f70f8f6963,Ailis Brewis,xu129kQCDMUzMT
79c435c3-4092-441f-ac50-06644b1315ba,Ferdinand Jaram,UapC1dGkqx4rTg
2b84b223-db10-41e5-a11d-c3b320d32c3c,Parker Keggins,sN3RUMuhHnyVBp
73058111-dd1b-4cb8-8696-ce4808fedbd5,Hadley Sweynson,5hLgx9cfCPXzYX
3505fca0-bb32-42a7-8d95-ab8ca0c05b63,Bev Retallack,1rNv3F7F9O324e
39afd0a9-c94f-4f58-95bd-3def7b17bec2,Sula Beggin,H9QYRv2WHYqziR
7bb322c8-73e1-403c-94a5-7e2f95e161a0,Norine Lamers,Pr2vsBrw9QauSG
034c5b69-9887-4308-8b52-87c153b33215,Vance Mountjoy,EtE5udR4tS8l9s
4e56dd55-e4e5-4b23-a0f5-3cd04f99fef5,Lilas Alphege,ZxiK04UF5kmofa
82914cc4-b2db-468e-b9be-f39189ad7e40,Carri Howood,b1FwxaXpVpOdNf
2207f2e4-464f-4814-a9c3-1a3458c7b548,Mollie Mold,VJtvSrs3dnuzV5
83054250-41de-46b1-b80e-3383b3ecf05d,Randi Boon,w1YJagWVB3sWtz
f49338bd-8483-448e-9486-352e9c8409a3,Larine Laydel,FDt9yfwFKX8bRa
e8325cf5-f711-47da-804f-03cd6c12de65,Corey Eyeington,rOPELlkvN0bxvs
787622f3-23ae-482b-9a94-e130810f6dbd,Ivy McMurty,LwBk5yzl0RppnS
49a8b17b-10ce-4561-ab2f-1334f7a5b41f,Shelba Janecek,66W4A2ljUU3Jpr
dab3d36f-01df-41f5-93d8-4376e84bae13,Leontine Broadhead,NZQjfxeVpUg51o
7b2f5f75-d68b-4576-94f4-2a4784320921,Melanie Ifill,7Lv2Sq33DHyRcV
e89784fb-6c50-4ef3-98a7-4a3480695de8,Allsun Pittman,AEB16EqQISe1pK
a767594c-c2f0-4fa3-843a-2f79e33af12c,Brig Maneylaws,Mjjyps89BHvs5U
b507679f-9e52-4796-bf7b-feb196e9459f,Irwinn Stratz,Bu7KgKSSLbRgRZ
b6dd49cd-2fe5-4fab-8adc-c92504a1a5d5,Merralee Dayly,9YRpExRjj8OeAx
4b7b28c0-63e9-4741-9412-3a4a74803ae1,Johna Clyne,M2ooS9k2mwugfY
368dd553-1c12-4c2f-b0e4-f092f61105dc,Adelbert Eastam,qKJN78avGAZpn8
f1f38ef2-e3b6-4347-a9bf-644afbebfe41,Reinhard Miranda,B9O2Njs1uDW7ZZ
3a0ad704-46d3-4b59-85b6-c5182e9743c4,Thomasina Blench,vk4UK3zdarBZ4a
45d86835-f84f-4dcc-8c09-40b6ea04bdf1,Abbot Sutter,mO6spmgNhYQ1Ms
68380b68-5972-408e-ba12-ffc8112518f4,Hillyer Coggles,XuqHzO6K5ygsjY
6cb3691a-1e86-4655-99d6-30783bb66706,Jeth Fusco,Tszggm0wbFPHYA
3d18c318-3f59-442f-98af-304abdbbf595,Veriee Dietsche,ZfRiowO7ShGMQ9
46bbad9b-c3dd-46b9-a63e-7bd1c8265f68,Kellia Wardall,EwssOoN0tuDsgT
0a1d95ee-f7f6-4558-beb1-2a4de83a980c,Roseanne Kinavan,XTzCVuXMMSbZj9
9fd9b29c-ba51-469c-a391-859a62a453ec,Chic Bruce,FCFcXKFCBavaq4
d5535a7f-8294-4e11-9bef-d3b27088e093,Aluin Gronno,WQ70W2DCZb8hox
08332326-9649-4c72-9a21-637a0272d4cf,Hetti Prator,uNV8DwfTHlRVPC
b2192a44-fd3f-45a4-a0d1-32f20b02ccfa,Constancia Adnam,efDCagL67mDBNp
7cc51dde-7e80-47c8-8ada-24355253ae5e,Eachelle Tschersich,1lo2HEeWxNu2Ph
b9f1a6e5-2e4d-4932-8bbf-35d8c40fbfcb,Blithe Rosenwasser,C7aOgmoB1CwHNL
b9a84302-1eb9-4552-a129-a2f601517dd7,Shanda Marcone,z4XuhWNFEyS5CL
9a908ce9-fe01-424e-b9db-104ee9ea25a9,Richie Reece,zloAoXCo3As0c2
59b335b2-bd58-481e-a5b1-78f696b69739,Jobi Heinrich,EsG8gU65z975O9
bed961b8-c77d-45e8-8897-24238433b6a6,Christye Huge,FF6nQHutmeQaB2
b906e4d8-04ff-44a7-a294-b3929b44663a,Hinze Cleall,vhhwwjwlvn8dnO
aff87bf6-6672-4c61-820f-10fe94f48c5e,Gaby Brownsea,gu9xmnSgecs2zO
23beb937-95cc-43f4-a860-7d9081371e75,Bentley Minister,2hSUmsST7GALXO
e9fcb15d-41a2-496b-bcb0-6711788aa2d9,Maressa McGreay,RJOtVZHA5TH7Au
9a2e0003-dafd-419d-bc89-206df896e3bd,Barnett Dorsett,Jhl2PpbxFqcpk9
bf6e0cc8-56fa-40c5-ba7d-873b44de703b,Laney Ackermann,iUEa8t12AGX3yz
9b412397-dc6f-4b42-84ff-cf583e7dec58,Hubie Lempke,bMWC8xAgpmGuY1
f60d0b2c-d7c9-4544-a770-9cdc388b5a88,Meier Snewin,ousKyO0CnOLl9h
0a94ff07-ad30-41af-9b21-cef08d7b7bc1,Clement Cloutt,d8Hpr507RRx6tm
0ce8afb5-3ef6-42d9-9b8d-7b7a7e401cfb,Fey Humbell,zgke7ccM3DEWiJ
413a6b40-01cd-4e39-b269-052d00b3de3c,Gearard Burman,ZbdKoPQPFPp0lg
ddf085d2-a2c1-43b8-b648-3cea465bbff5,Delly Jeremiah,v64YLINWZ6kWd4
31992df3-f5bf-40a2-b750-01586d2a5be2,Joanie Chieco,bQuhmALBOSZU1Q
8ec824d7-e727-4934-b155-bc97758f193f,Laurianne Have,c7VLdVmESrytHX
a8da8f4e-479d-4112-9e14-7e3aa9193379,Evelyn Ely,wobAhPd6j6d9VH
90c2d5ba-b05c-4dc9-b5ed-f7248fa5023b,Robers Marginson,Avk5BlgQLHHYp1
fa005898-d39f-4675-8f8d-0d8826395a13,Abramo Tye,d6gGtqHQkmkyT2
6b507a06-d0da-46c7-bcaf-5c397c515b69,Brynna Murt,tZaPD4C1o1uPE4
7f36afb4-2f49-4b9b-abe5-32f2780d1cf7,Vincenz Mattiussi,mpFzCRBbIgWGQt
778dde99-fd9f-4c95-a338-0a3134ed87c3,Lodovico Upstell,pPgHCN715N1Kef
b3d5519a-5fa9-4b30-ad40-d3e105f2235c,Hephzibah Stonnell,BEEae7dxyluZss
608a3c27-abe9-4eca-8afe-277a41e0f774,Gerri Cheverton,E5Pk9kLKIGjFmS
9bbb2a2c-d4cd-4f86-9379-ba3b9c0bef61,Stephana Denk,YFrQ62xCjo4yuy
b44c0adb-a8e4-4d5f-b7f3-76bb13ad16ef,Bogey Tuohy,iF8e80XorYlTJo
a5ab90c4-2424-43fd-ad1d-a742cc6670c9,Kim Stapforth,wQpzeH0uUrvA2N
e7c47a71-d85d-485b-b94d-d3ec527774f2,Vanya Palffy,L9rm6TH1KJxiNc
7bb65604-73d1-42b9-a4e0-bec6bf1e03f2,Dana Heimes,7J6477Kxq7Vcid
a091db9c-da91-4b47-a72b-da1a57965238,Marcy Gullivent,Fp2o29vdZiLqw1
fd59b5ae-647d-463b-9505-37cc6e194ccb,Joly Crimin,PQMuTox6ntckRy
1ae08a00-4ef6-45c5-96c5-edf1a2017a7e,Zebulen Gannicott,OpYSJr3wzrTYz4
577f8983-1dc2-4623-b802-734553556620,Sapphira Calvard,X3nrRpbbKAwSFv
6aaa79b9-5f09-4387-9c5b-8ad3e40b389d,Marcelo Rogister,roltsXJqKcM2HM
404aacfe-59fc-49b3-a4f8-2db1e8ea0ee6,Guenevere Wakelam,AcAFCJURnUBVkA
617ddb6d-5016-4433-b155-cba85c9b4fa0,Carla Banghe,8E1bHrHDaIdjws
c858431a-7e82-4f5e-a0df-66576d71acef,Chico Thoumasson,UTnaON0koasgMG
eefe4c96-c935-4926-9741-ad7ba616f380,Tammi Bidgod,BDCuhZ2KxcIREz
5ca5b20b-38fa-42cc-bb6d-96333ee9a6de,Katrina Dowtry,QcuYT8SQCvIzqh
2e82dd42-fc45-4dea-b82e-d019c28a34ed,Vanda Hassett,DkeKJFr352QlQP
794c6e70-a9df-4cab-b99c-3b18edeea9ea,Esther Rhys,XCCCJrseuIK2JN
4effcb72-783d-4c54-9b87-fa33407d13db,Debra Perfili,6l1JDLnXIZwIwA
3aeec5a1-ed93-4546-9157-b910915fc8ad,Skell Gagen,bWuaSDatgwqfYT
b3699e4c-33fb-4745-94b5-680a4b54d000,Janey Gracewood,g09QezPrIYFbJa
bdfeb873-48fd-494f-afd0-a4b4f4362cb4,Beckie Towler,SUA2pDX76fDY1x
1774de03-cdf5-45ae-8469-a72031372fd8,Hettie Paffot,Ww6vZUiYJptbYL
15b1a9da-7194-4805-acdc-4b30e8361d9a,Westbrook Mordaunt,GxYYApu6M52XkK
51bc9780-78ad-4eca-b8ef-8069b2ae7741,Hubie Critten,9Wyfy0ViZhbxHx
057cbab7-93cf-4ba5-9162-6e1cbf264ccc,Wernher Roskeilly,415s3UX8umvdEE
38454c5e-df90-487a-9038-807aebdf04cd,Maximilianus Swallwell,iSVJNTbZkVUgvV
66773a30-142b-4dfa-930d-ca7f4dd81588,Claudius Verbeek,o5yNT8GmEukDqV
a7bc44ef-e9f1-42aa-b655-30ceb5f6bfca,Bree O'Flaherty,uHLPynzvpHMZXw
e8344207-343e-4710-8392-60c8dddbd8c5,Jobye Raden,T6IWmtggX3zy6u
8727a6b0-9be3-49e0-8c54-d146f1664b0d,Conrade Heynel,ZxCghxCRktGK1n
82de9510-978d-4f42-b8be-97950d8071ea,Darcey Gosney,wQ38l1eU8OPT9n
a0abe4cc-24f9-4121-b4e1-533fb0fde584,Ysabel Bows,Fyf1qhDeXjzWC7
d092f4f6-f502-4f4e-ae66-147995c0f657,Melisent Emma,WaAZvqH23gy5sy
f977e432-db55-4623-a04d-7c9ca6f863f3,Germayne Kovelmann,I62m3jYyymTHRu
b24fb70b-cb55-4283-b059-98e43c333b21,Max Marjoribanks,DZTKDNdBUKCoHN
317cd4b5-2939-42f6-9a8b-e2c1c30d0c2e,Eleonora Venn,hijJlOaKhX3bjx
3d5ce0ba-f450-469b-bebb-e7b434ae778c,Mercie Swindall,29iXq2aTiLKLOC
27dd88cc-581d-4520-b4fd-3d1f9495f018,Harwilll Worlock,P4FPSmmLDwsrr0
6a9d973f-85ed-4ebf-957f-301850cd15eb,Ariadne Wharfe,5RJbuP89LlgmwV
4c29814f-3317-4045-ab75-67a8a3c71c50,Yovonnda Durston,NDHMaMPvj4AeeY
976ed14c-b44c-4048-920a-51270613bba1,Byrann Albisser,HvyCyPIoZXjlrT
a19a4f33-4b8b-4e2a-bdcf-aedd45a5c633,Sorcha Gervaise,K3D9uz29yGoLpK
461e99f5-519a-4def-b0bd-091f46e76206,Chrissie Gabby,OScleB1mWbCVPK
b6c3fd12-ed07-4536-b1a2-c7702d1e682b,Chick Santostefano.,kEm38AWcxK0Owi
b145f0f9-884d-4e5a-a9fa-06d845453efc,Charlton Slott,kwplYGPLKohMLs
f0bb1456-da42-4634-b97f-e84d16a63ca8,Arabele Loddy,gPJvR0jkSpadYt
de54489f-eebd-43f8-8622-970a8d40b91e,Egbert Hedderly,i6pG6H3XS7SZ3u
a869e285-8c1f-4b24-ad6a-76869bcb02e6,Darsey Torbet,6jrUFawpXqauid
c6bc70f0-4468-40b5-92af-36ca8f482583,Babbie Osichev,QxAYL2mFcnlpyI
614c160f-3882-46d6-b80f-105f1cf31ac7,Sapphire Oels,jt606I2N6wz7yK
87056ff1-a5d6-4464-bef2-7b9fdb7d7421,Vonni Tuck,Tx2tXoCZCB6ho0
b03e3967-f06b-48c0-a817-a67605b65a8b,Milka Roxburgh,CHe1CMuT9abPfK
dae68a34-f56d-48aa-89fb-41d13707bc31,Emmy Pleven,65bQ4NLTEgQAPB
d9c3ec58-7c34-4150-9579-1f026d208bdf,Gwenny Mongain,Tk8kBDVc3nUgtv
6d691db6-4e00-48b6-9955-a53a3dc044f4,Glenden Neggrini,HzVHyPz3ry2BwO
de64c7be-0c10-411a-82c0-9871e8f7f867,Tadd Venning,yIWggSrCK9nPBn
f0e75cf1-05c4-40fe-8c1a-d0eb363d0536,Jaquith Dawby,LPCGMh32swicEE
06099f88-555b-4f5c-9acb-ea3feccc6bab,Selie Colston,OVwdoxaDFTCEl0
8c289bb9-f32f-48d3-abe6-7e68036ba9df,Lyndell Baus,vVIJnZoWHSZtj1
45601ca7-ad4e-4201-92cc-9277c51ac0a4,Myranda Bampkin,FY8zCxUVhemzvX
a9a84827-5c04-4049-92c8-53b5d23fed00,Luigi Goodison,WHM7YuU8JgwHeM
5b7eef81-c811-4425-89b1-907391cc63ac,Emeline Grimes,UGmteJtlrcbk0t
4daa8bf6-3648-479e-9727-cabb1841105f,Tawsha Hazle,dy9Y209dgfoxyY
e449fc47-ccba-4baa-8e06-2e0a68dbf966,Linnet Vinton,HoB1TxNbrFdvDz
7dc477a3-1b55-4835-92cb-152341263ad4,Hurlee Nisbith,3y8Clctf5xxzhu
92208245-8751-46a1-8f80-607e80bf3edd,Anet Willetts,U7fo5x6OQctpu6
49a91775-0fb8-4e83-9fb5-a94c8b76a734,Katleen Halkyard,wNuA9JMyOeYW46
8380afd6-0370-48e9-99fc-cc4f9861d882,Clayson Shepley,Gw89q6PzZrretM
22bedcce-7e33-4450-bfc5-49ea210d7542,Stephenie Wilder,JeAbfj3E3AphKf
6f60aa91-11be-41ee-a685-b4576af39c27,Miles Tarbath,1k4oTbfSOkb1gZ
84869ba1-5915-4f2b-9ace-178ca17a1ac7,Caitrin Chadburn,oCOCWGxp4mIZSp
f6394b6f-9beb-4f71-8de6-24ecefa526de,Zonnya Sarten,Yex2rhbsbfjSNo
83a719fa-421e-4940-bdcc-530428af6008,Dewie Ellington,9hHuDyNFpeBj1A
bec72cde-faae-4172-8224-46483d25448e,Petunia Ferrai,G0d14fFhqeoRg2
35f82a5e-8c83-4ddb-b60e-c9532943401d,Jsandye Marshalleck,Fv0bZ7I9VU4Dhk
b7cf9bb6-5051-430a-8dd5-ff51ebc13115,Wolfie Mallinar,41FUYLVJJ5M4oO
17df23aa-3d0e-4a1f-81bd-d29c44c09bd8,Amalle Barsham,mk4uskjZCSEUwB
57a31f4a-602a-4b39-adde-cdfa47810f6d,Damara Joscelin,cS6cWr7rnDnOj0
a8d9743a-640d-4ea0-b915-312cbf756f8b,Hyacinthia Torrese,wo2dYK5nGB5uf7
ec775352-f196-4b56-8951-ebecfbd376f6,Joete Harroll,XIPm0C5d3TyP4d
5d04f9ee-9308-4005-99b7-5afe8c737973,Mayer Cadogan,BSqeO59qyJg0QC
2408c5ff-b7b1-439a-aadc-a5b847174ed3,Chase Rampage,Z7sbmVs7uD5mcW
a21dc142-0ccf-4370-a2b7-166df940eb57,Chloe Zywicki,bMbyXZDxKuKjhb
d71615f9-be80-40c7-ac59-a7af6fb6f442,Maggee de Vaen,2u6ZRVXEwuRFSi
12dd9436-35bf-4328-afdf-c452bfac1988,Jessey Easlea,GHK3GtpafMrV0z
eb5eb247-1192-44de-9e0f-0d65b45201e3,Jae McTague,masIjnYCC4KqJE
0a6cdd1b-9f05-4a4c-8223-6982b99aa22f,Andrew Bowshire,appfjtunOjCBWU
d1d3e46d-3d4e-46f2-88b9-25c559b7007f,Ferguson Coope,kgd1KpZPFaLIoG
c23d307f-f51e-4e5e-816f-0f5055e925fc,Bride Dilloway,HySFhm3uf7qZGq
950653ed-f8c4-45ec-a0d3-03aadb18a0c0,Merry McCome,cZmNLWozAHLu2D
71b65382-817d-4e68-a9c8-1bdec3728b4f,Carin Kirman,YL6t8TPHuUCJIk
064ed47e-6a8f-4539-9120-7b35b043ec3c,Rozalin Kalewe,znQ1Btu9ozzOyz
15718628-4cb0-40b2-9427-bc37fbbcf882,Elfrida Esbrook,XcXmvvc7UQSFLB
c21eb150-7ec4-4d21-9fa7-19a40186e8e2,Adrian Hoyles,UqzxYnsT8hXLsn
18ef7af7-342e-4d6c-994b-da130ae9abc1,Reg Ponder,OUGsyPpHifR0Ld
b7a5f04a-413a-42e5-9ba5-d523403fb545,Jo ann Horsell,e5U4TYwYDkoA0y
162fc5af-a4ca-47b5-b3f7-9d8514292d6a,Penrod Dorro,OcQZOEAJlFIeUA
162fdcb0-c966-4301-b076-480b35895aec,Tally Penni,U8zEpR01yl45fh
562b929c-55a5-463a-bf9a-cfdb23303e8a,Westbrook Evill,4dWS4rK8LGtFwF
647d1e4c-87f2-485e-96b0-f9a48f6e7679,Bradney Wickham,TwBd1kiyLgTkfC
49902740-913e-423c-9d38-9c33981dae05,Antonetta O'Dwyer,LGuUYriwrTliQx
964e9063-e1f1-4d14-b8e9-51ee09aeb449,Dave Iveson,0pzfNLvMWtF26x
a7f963d5-5718-4663-8c54-9f09bf949486,Jessa Thorneloe,QcUoxfozI5xH3C
212b184a-4d24-42e7-a2c2-fddee9941a43,Maia Rohlf,51FziMZxqUp1R4
a6e0c03e-2a16-4bb9-8d08-c4258d329d80,Bear Lowndsbrough,nqsrTubMYIYABl
66ed9cb3-e544-458d-8394-77dc238e1580,Giavani Marran,8r844peeEwNGhd
4c862c75-914b-418c-ada1-a27881f1bc98,Dillie Daice,fi5TUqELclXI9o
6022264d-6ba9-4bec-8031-548ecdd48fdf,Myrtice Simao,GbSzx3K1KkEoBK
9303b026-f701-4006-a537-6b9e5717fc52,Renae Foskin,bkmG4yXcNz97do
3e545056-f9e5-444f-94ec-5ca0f3185fe3,Kelley Paynter,7s2c66tIMIClyb
d614e52e-ed40-42e4-a55c-1163cafc0282,Gisela Robroe,dvAmNCkwe2MKUz
86e0a93a-fda6-4de7-84d9-e6878cd4a904,Jeanelle Knutton,i2lu6L2A9NKt92
202d85dc-3d5b-4e06-a505-d0ec8a2f4352,Sapphire Collins,Z7B7VVAshAI1xi
0dad3f1c-66c4-4ec1-9edc-dc881a8341e9,Ettie Grancher,TuDeVkYNuwYCrS
282859c4-ad59-4268-9392-542babe28c0f,Brande Seymer,F2toVdR5HrSL56
c0915c5d-1f8f-43a2-a8f9-cb9a4a02d137,Delcina Kintzel,vrCJcrXuIoohew
29ea006e-4370-4492-86fc-ad359ba78ee3,Ailee Maccrea,Xx1NIenUUjuX98
bfffa7ee-2e0a-4f5f-b009-fda7c3d53122,Neala Bartolomeoni,MRULBo3iAkoI0B
bc265dce-1feb-4e0c-bf66-d141e1c76fec,Hirsch Ellsbury,53k0KXy2AX8KnY
5a1b3002-8e76-4b41-9793-4889ccba4de6,Bronny Cejka,hMfdKZSVFOgbiM
41060d73-8ef6-42ea-b8e7-3dcf7e131fd6,Zeb Cristofori,FQoJeBU6KrbeAg
50893f95-6eb0-4a7f-856c-f03f520b5f61,Marcelle Pedlow,1UbKm1dPiu0yNq
ceb5ebd4-d67d-4e81-8bfd-9233cf08e0eb,Christian Skillett,OhEnDhZMz57pX1
03105d81-6526-4c6d-9e46-94f289874111,Carolee Rawdales,TFo0sveDeN9VFZ
72714577-7274-44cf-bcd5-7c1624a732a4,Kristopher Matuszkiewicz,55DGMa4YpTCjey
ac4b34c1-9f0a-4ff5-86f5-8e3268129c47,David Bodemeaid,zgvkA5WFcBl7LX
35aeb46a-7f56-49f8-8145-9327baf5cb7f,Ursulina Syde,yc8DoOMI14PIlI
dce46bc2-dadf-45ce-a913-ba5c1ec0a0ad,Chevalier Bilney,snecLcY0yDqI38
db6075b5-b154-4120-8ff6-ac7816cc2ea6,Gayleen Stubbins,pM75jO2tISz3hs
df36b6cb-3160-45a2-a896-877a7ce6e006,Wallie Mansfield,cgm6Lo16EEwwyc
e0eb1c8e-899f-4a49-af26-5f070164f2df,Jarrad Cheng,kWXi8fIEY5leyM
9be2c0d4-9562-496f-bf7e-be308048f40c,Vladimir Petrelli,AG0M7N4uPWGCjp
3c6f3a62-eb86-4f6e-8516-5a7c208bdd9e,Hedvige Drane,phiE4zqbUO33jZ
85f254d3-f1ae-40a9-bba5-3a94156a52e6,Aigneis Bree,a5uMGq6iPcxSSW
1dcba468-78a3-4c54-995d-2656b2123353,Cammi Sendall,dHXEzxAD2j6pIX
292c887b-d0c6-4d1e-a797-135aaf796dcf,Costanza Fere,6Ii4uOShSX877p
18471300-7e3f-4e8c-b654-94ea3eebce41,Fowler Sandison,G2CKbtskW0xDOv
c95a0665-a11c-46fb-a80c-cd308ba4dbf3,Adlai Pranger,u2M7rHjrMYLqOQ
c82805a2-bbba-4b00-aac6-7c3fb6112941,Herta O' Mullan,XHl6zOHW2CJHD4
40e0ae0f-bd21-4951-a41d-7f9ec282477e,Hanna Anstie,BDtmUipSMMSxW3
569d8ef1-8e89-4b73-a626-33d16151e7cb,Rutger Blaase,LB5mnovz1r4EN3
9b49a16c-07ca-441f-a302-4b4e36f08dab,Marietta Hubatsch,muqQqfiXXReDtN
968d8c20-dcd4-406f-b2a5-77ba69fe6410,Cash Garwill,Qc4cdRyBcZ9NxD
8630b781-818c-48c0-8635-c97096a80c1d,Cesya Caile,HGPDbnofq8v2G5
495d2327-6a17-4493-bc13-dded2395d029,Brew Petrillo,IhC7vHadMnsF5J
2f0f7781-738f-491f-a794-753f58788521,Van Sorel,84B9bUMlD0b2RF
ce0e438b-7bbe-4d56-9c56-18aa41c247f0,Wandis Piner,ZrghbrQIMyfDPs
95b101a3-01a4-4bae-91f5-a4c39bf3e2d1,Delila Brownsey,RpSPzntclXduCA
da45b31e-2b8a-4add-a002-12066cf52110,Marisa Whatman,qSg1RFi8Q4fzGW
2b7da0b3-e4a3-425c-98f8-a99d2721a0b4,Catina Teresse,SC8nK17qmuvvXb
fb16f78d-ac47-4bab-842d-56da31702c84,Jerrine Clowton,6VNYiQ3RLOwH6E
7f62798c-b4b7-4248-8864-04cc3e21f074,Fidole Denisevich,bdJr0osUabO65u
32250864-c35b-41ba-a712-cb6d5b7dac0b,Jacquetta Ziem,q4sLq4XJ4xv6QS
5a01ba84-260f-4d09-bd93-a17900870883,Tracie Cumberpatch,sFHctLNXpFvClx
7d03e1a7-cc7f-46c1-b32e-5b06257a2af1,Ethe Jaqueminet,wwvsOflt4Pp6rd
0a2086b5-3d9d-46da-aafd-73ba746b3e6c,Marlow Bettlestone,Y9l31ZiktQTcmX
fd95fed3-1477-4c74-bdce-f345fc602a1a,Lilian Huddles,1Y4vdHepgebOQ2
d4297cd8-ef38-439e-b43a-4398bcaaa234,Ella Breese,JH4PL7K9WRnJAh
8df856a6-e7bb-4922-b936-2fe2e10a4206,Arnie McCoole,oVX1gOVBxv1kIn
072fd67a-409d-4923-8a6a-3292abe7ba29,Gabby Burkin,2cI0HvspBdUAEw
a072c111-cda6-41c6-bd26-9390b47805c7,Augusto Kalinsky,pWw4ARnHN2w8Su
ef4405ba-2db6-47db-8197-0d70c2c87c6e,Cacilie Coneybeer,WR5r3qsv5FDO44
58d1c6bd-edb1-468f-bd36-7e96cd2f7553,Corney Hembery,rRXUSQ7q6ZMDuW
ee8c1837-c241-4b39-96ad-5f7610e5dc77,Rhody Stampe,piHRbTb6XPCM3l
8bf36db6-2b2d-4648-86b5-de57a3f1d26f,Baxter Loins,39JOux3MuztbnC
7be04412-ba9e-40c6-b17e-c385d79f2899,Pierson Gregolin,eGbOiaH0gHdwcI
20a8d786-696c-4650-91b6-86720ad1bbbe,Nichole Shankster,VjoeRLV3sncNNb
2a9a5cc5-2972-4cfc-9999-4b42856d1b16,Judon Goodswen,PruCmXCS2y9cQQ
c27b532a-6e69-4d9e-8fbe-873aeb60daea,Wolfie Tweddle,MZVTtz5AAWpl70
5290291e-ceeb-4b6f-9280-e29a2ad577cb,Deva Narramor,xSYPArV1OdmcnY
e22038b0-b54a-4a96-86a9-870ba131488d,Cherilynn Van der Velden,3CX4pu3E4A8lgS
a72c3f28-b6d9-4821-94d9-6fa75dbd1262,Gawain Dedon,77X31n16hmAzVa
2aeb454e-fb35-4650-816c-abee844c2c03,Alf Nutting,E25qoZ1JYIIYZa
f1d1c042-208e-4341-840c-88db57216fd5,Sheilah Clatworthy,S241B7LNvArq4s
0191fdf6-2f00-49a6-a8e2-d8684e7e6f60,Darryl Bleby,COTWcUZDLIMQLD
bde82bb0-ce43-4f85-bede-f69a041f7059,Ebeneser Dayment,Db7d3XdvQuhbqn
ed114828-4bb3-4b18-b67d-3bf9cf733743,Diandra Chetter,Au3VInHq5YW3El
c8a1c5f8-5b94-44d7-b733-eccc057a274a,Francklin Broschek,Tz6ChtOz9UhP9T
135eb283-e4f4-4525-b751-d1684260d07f,Barbabas Kleinbaum,MGP6WMdWmiN2Yv
a26970f9-0042-4ab0-8e15-9a8a092d7ca6,Wallie Elsbury,fe5EvYFL09AN6d
8ce49b4d-faf3-4e46-a73b-7706c9315081,Arlette Hellicar,Jdd0m3Js2Kn7HR
d2617da8-1e29-447c-ba1a-52069bc8bf5b,Gleda Espadas,VQBK3sZbUDiygz
22b95dcd-9d45-4f8b-8906-48558b53d7c7,Madge Gaythor,nAjdnT8Rmeael1
f4a50585-fa63-4317-9e91-e1539256683f,Vallie Ganing,dujNNuuH2HZEHR
2ce8c68d-498d-4950-9db5-e6a4c355e256,Cthrine Capell,oNIQ56AHUVy9wF
491205c2-bee3-4d17-a313-5cbd6c630701,Rodie Braunfeld,FxSgDjTpTVOqBA
a81112ca-2e0f-4fc9-961f-424928c237c0,Atlanta Chalcot,WWg8cwbelgP4v5
9c8b773e-1a26-4991-ab01-4f4289ac28b2,Philippe Load,0UyfCSZnu8n6K7
306c3119-64ba-40b3-a14b-5042a62960b3,Terry Hegg,cYJaodDKCttKyB
e68597a7-0db2-4b88-bb60-2fec2570d84e,Yorker Lemmanbie,i3V4tSmyBU1Y98
70fa6ea6-967f-4e8c-a5da-8c6e71a5ad1a,Justinn Brelsford,mx6vYENWve6Vau
360b4e34-cb18-4caa-af1b-1ff18ded5721,Lucine Salmen,JfFjU6NowVdovR
99457570-9263-4d95-b777-20302c010ccb,Fania Campana,Yg3xq3SNWWQIfj
437403aa-79f9-4153-bc3b-ca72beacd1c0,Celka Rackstraw,ssbm31imywV2cl
ca35db50-2f5b-40da-8748-833639a820ea,Steven Yve,YNpQeRKcVm24ef
195267e3-0933-4ad2-8566-958ac4378372,Erina Reach,XgqDQrTsH8UKsJ
c998ced3-d21b-489d-92f7-7127fe688ca1,Fitz Grimes,mpTEabEj2B407G
5962fadf-5f5d-4eda-94c7-cc344033e83c,Darby Wallas,LEXUiDP3YlvE6B
d11df52b-a58f-4fdf-b1d3-f609283daa58,Neila Skullet,twEMVb6sn3LjNs
0986e62d-b277-45d6-9b79-1997cf6b3295,Artemis Gouldsmith,z1r4lSOZ7bapLA
d59094a7-8345-4522-a556-d0ef1f76df65,Lianna Berrane,iENgYS4MM8w0O0
3bb96f36-ec3c-4b21-a2cd-10ebdab9c5b1,Alfi De Blasi,km1QZY928FhiC2
fc395c46-0d17-4deb-9923-6fae414b1bbd,Terence Kurdani,S4I9ymnmym04GX
dac228cb-e60b-4efe-9350-1d7c0658946d,Tiffi Vagg,5e9sIr1K812kfI
2a929bc3-6f6f-461a-abdf-ce99ed23af4d,Huntington Thomesson,jbcPyHvBgOolvn
ea151aff-cb19-49d8-95ed-fdd5be0e4056,Lewes Dyball,JvvHzUZNTx7ejh
c328697d-a614-4cfe-9901-5d117bb1c85a,Raphaela Hruska,VUSkJza2M1UB9e
aec2336c-e886-4566-a54d-bddfc167043f,Phil Synder,2JdUMssa54Rjzk
a1f3edb9-ae79-4a88-a796-f85ccf563ed6,Giffard Ibotson,vueQreg8Bs1IvV
34ab02c6-ede5-48a7-a670-f69f0cbd21ab,Jilleen Glendzer,Y0fjnPm1W3wTLI
9efcba4d-448e-4558-8ad7-2971e0178443,Gerty Dregan,h9H4ds9QweBz8P
83f33a2a-ff4a-47a6-be89-aebfb71c7e51,Gerrie McIvor,tcGc6ULSg3xfsv
ca23a33b-b253-4ea6-9ddd-f139acc806a0,Juieta Pollicott,TbLgJ9U9UTx23y
ddf6c469-ce8c-4359-8363-647bf43b97ed,Jaclyn Armatage,8vbnB9JAcFD1Pe
c464e3c0-130f-4542-8038-67920c219781,Kanya Mounce,g6On34cpr7dD1K
37ce036b-7ff9-43fb-9c76-9cf70da9c700,Ashien Mallord,GpukwryFNM62gg
c1b49c6f-f74e-4ba4-8df6-8366f2ceecc4,Alyson Spreag,wffOHFWnEEjOB9
b7d72c4f-cdd9-47a8-b5bb-3f1287a6efe5,Sonny Train,aifOJi49JT0gvl
22318a1e-91bf-4fcb-a464-4199e5317cbc,Wendeline Dungey,Qpt4lpTBJE5G9s
494bb7d8-92fe-4595-88c7-ddb20a1d11ee,Katheryn Cock,9Pc3HCf2Kc9Wkz
550ee280-3b08-4181-ad78-3840191097ee,Didi Kondratovich,FbFn4p6mh2T5Nw
91caa21f-7895-4bce-bb1f-3222b3b9f42b,Artur Winborn,iTzxjkOSVXXeB6
e036d290-7b3d-4b40-bbbd-f9ee037b35c6,Rina Aberkirdo,yVOpeiAclJ8vAK
91896603-216f-489c-95e1-4d44d09e2582,Fleurette Mauro,eD9grYGZhIxAD8
9347fd43-bc5a-43a5-b8e1-738b975eb8fa,Ottilie Elward,EBOFcVEIdOXCX2
f710196c-eb9f-464b-8d68-a28bd2b3044e,Bogey Lesper,ptTOAFtS68D49M
6fa7cc4b-ee99-4b74-8359-1162b84bddfd,Trev Guiet,mSrVNLyEt9JoMq
02d50f65-ad61-42e5-b04d-e8b607ac1989,Brandon Nottle,dfmbKQsaqvJgnz
d213b128-5546-4203-9870-5fe927b8cd92,Crystie Wark,NYZ312nPPSpquw
4484371e-256c-40d7-9747-e86902bd8a69,Paolo Van Weedenburg,YdSoSRJJCyqOeS
0f115874-597a-4888-b15c-48b1fdaacb8e,Frederico Burbudge,SMHaSEmiSyojSF
24df7549-148c-4f67-865b-84bbddeb3884,Cacilie Ivel,88LxE6ZmK5WRPe
a2884582-29db-4260-be64-1750ca47c2c9,Lewie Antonich,rd2VCQZlFIjRCk
ed4da26f-9944-4417-99a5-ad1fef07cbd2,Eugene Devenport,ExVEdEtq7LBxEj
c49cd4a2-1829-4b7f-abe2-668b34352980,Beverlee Spadari,skYm9EASulULzy
faae3235-6c04-4116-86b2-30330f285814,Flem Wason,1a4wSJF1iprl2S
4dab362a-6a21-4f24-a016-b03ebe5d5538,Rodge Burkinshaw,ug9G8tzTHQZsrQ
2fe850a9-a22e-4a04-8413-5d8c9d02d636,Tybi McReidy,1AfDdaEsq8XHBc
da5010df-b408-4fd7-9b97-dea525860266,Paulie Treece,9FNdZJdLHgEAXf
f6c2d0fa-5c23-4d4a-84a9-747faee7e40d,Thorny Jeffryes,vqeLmPQySDiinN
9b91ce99-e3aa-40af-981e-954ec243b8ea,Linell Pozzo,aIrsxZpEYAXms8
d6a68d5e-367b-4209-bd20-6e7e98dad1ef,Franz Pratley,Dnlrm7lp0PimI8
966726ae-7c2a-4452-a6f0-2ce71ffe4acf,Mirabel Gethin,HdjMqoRjmHCu4n
c35d105d-c68d-41b2-838e-fa42b56f80fd,Diana Coal,TY1Pvf7wwLBJJv
5583e430-30d4-45d0-bfae-8860bfd8ca31,Babara McAree,emmEgGQpWlwOwj
e11cffe8-d7df-4740-a7d1-e91e037700b3,Bruce Penvarden,TypnXRcQphFHAm
97ab1faa-b19f-4ec0-be14-53bb7033486a,Zuzana Jakubowicz,b8bLHSvRxWqBBU
635b1d32-e6aa-49b7-b06d-f266902cc9a5,Ab Dunklee,oj0FPVYHJdRhVQ
4dcd683e-50ed-4021-81f7-2913da456efd,Charita Le Brum,miwhNbKY037f3E
fabcd12a-eab1-40ab-b42d-09e3b3903542,Tandi Southwick,chxpGOADu21y2I
349c6b00-5f72-4d5b-aa00-6ecbb44d0410,Karol Bassom,4hfYZTOCQVzVA6
c44b633d-84ea-4ff6-afaf-7d3d81a596cc,Monro Chattelaine,oj6vp7u0YTZ0x1
926dfdc2-73d4-4f0c-965f-ef2264e83b42,Marthe Pitchford,DBwhXFwPGsTTXo
1e8e5d4b-e433-414c-9e87-42f7b0eb8b28,Wilton Karolewski,kw7dL3vpB0ybdn
939af9e5-587c-4a2c-a99c-6ad0fa5873f9,Filip Bremley,nI8zvSjRdezV8H
2ce49b99-34dc-4bf2-bb2e-43aee64e3f71,Myrilla Crowne,sYB9G5LqbYDUUv
9e2b06ae-48ac-4dee-a63a-8981674e065b,Gerald Davenport,cgiodUEF5vUpjL
82cddd0f-563e-42c8-a220-2068033f0340,Georgie McCosker,ZBQv4kLgDPHB39
5996b1a5-a915-4138-bc17-aa9a2c4276ba,Melodee Mariotte,CHF5drNXbLzhk6
177c1019-f085-4d82-9ea1-8c43ff06222c,Lela Logie,UmmUVmgGu22xzq
80d8da02-822c-41ed-a6b6-f82b3b1acf43,Eben Bruun,GJfE9FGqeyCDki
1152a350-e344-4b1e-b0f8-0f5c0fee1a2a,Myrwyn Greated,2eARaKMDsQ2jdM
62306ec7-00ac-414f-ab53-aa334f550afa,Arni Blacklidge,Q0r8CR8vIDJSWj
2fec2028-20e2-47de-81d2-e2377bb9bae0,Harald Kinkead,26QOuL9oeZaUgb
9f7eacd2-e8ed-4886-af81-c7d5a36530b6,Matteo Fedoronko,C9CdvU1PuFeTXy
98e1ecde-dd40-48f9-9762-debdba6347e7,Terence Eggle,UsBBEU1qXGtMYK
64c44171-ef71-442b-b5f2-5bb17fdd37e3,Nonie Bradwell,YU6PUFwQX3lcPL
040d0381-54a6-467a-a09d-175260877a9d,Jorey MacColm,leflkDAoFReJJh
160b0442-db06-47ca-a606-0404bd77b0be,Hatty Balaison,0vN2wkL2scjb0S
7e43989f-5edc-4c4c-b17c-b94a8b0a788c,Diannne Quade,AsOxII1dc4YZgG
bb02c9cd-0974-4fee-832d-e53377ecdcda,Marleah Catcherside,WuEVLmswKara12
22e5a535-124b-4752-a6ec-acf62df94cef,Staffard Balazs,2CALffDUZsJ9vQ
af1922f3-5247-4a74-ae81-3455cb2a56d0,Jeane Selesnick,nN2AfESdc3Wbkc
37842a34-3576-49d9-a180-2e7f7b48cda9,Gray Butters,Bm98qOJkawo7un
e2516cd1-7fca-4af7-9427-9b24bd88daed,Baron Robak,COtRGfkqpVhRCM
c0d03b70-88e3-464a-86d7-75ce00b8f21c,Shae Brinded,x5S62Y0qWMWdkP
371f9854-ab21-41e1-ab3e-27d5d8670d50,Opalina Mathivet,MVxnmNcGURG0ba
68813f80-8cfe-4bf1-9288-4a7885e7261b,Fowler Hearfield,nitSCwmgTzTvAb
2d003d4c-1529-418b-ba26-09724c29fb69,Masha Easen,Y5itTyHy8yBadr
d38d02f9-ca0d-4f53-8ac3-0cd44bb98626,Rosemonde Hatchett,qsPGACH7vBrajO
f75ff4c0-740b-4400-bd62-0353bb00e8a0,Kandy Pennyman,ocjZu7SxxyGnJE
f0f4bedb-9227-4e9d-9d09-ece8f1dd2bef,Archambault MacDougall,zyRHg8dtATrtpD
5edceebc-4d60-4ddd-b2ac-46e2279914c8,Justinian Kairns,CJGKzouEjkjsCA
3ce7c030-b0c6-4e84-82fb-bff10fd24190,Orelia Haselwood,42sRi42mk2uFfn
ebf13656-ada7-43c5-a07c-2d8d8f62d607,Correy Dewen,hPmfQVSozrWMcX
2491a8f8-8890-4e91-9638-b0a0214c3db2,Glen Grut,MWb3hCUydsfd2p
4ef9d4e5-65d3-4109-a394-60b33f8d8c21,Lyndsie Volant,ZOnVYXQSCs2KLw
cf311430-2f6e-498a-8ac3-4799e987498b,Holly-anne Millberg,ayUrd2StcVUFji
34948c41-cc30-4ef9-9391-4666fcd18b44,Thorin Greiser,deThx0PB1NHZ5T
b75b90a9-149e-4723-8e6c-339d9a63b6f4,Alisun Chappel,1Ywcti2LovDfMM
015e933d-57ba-426c-b445-e49d437708c3,Sterne Tale,PZvaUOglKuXxGw
3c11f4cf-9f69-48c8-bc75-b96d442fa1c2,Drugi Veighey,1YX520rfrIL41i
2ff41b50-dcf3-4a9d-aac6-22bc1e5c72a9,Gretta Jezzard,3W2LgkWvGVoYOW
b276e09d-1ca5-444b-b551-13534af44e9d,Maressa Sanja,vjPrz5VJgErn2c
df4a471f-e2b3-4147-a356-984e6fa650e6,Taryn Daverin,ASMMOOz1J4KVor
e55366e1-cbce-4436-92a7-4205d12d32b7,Cassondra O'Heyne,dHSe1ZgvKIZF9u
9f73eb1e-1acc-4fe0-bb55-e398b5a4bde4,Bell Gulston,P922qVlC6ezFl5
8ab4e8c8-cfcc-4a20-beaf-433e833c3b53,Brok Ninnotti,SZOx1tesleQLRC
a28362e1-359f-4ede-89ef-35c0d9ebce8b,Jammie Baldin,b6o4pmZz2pZnN8
f6a048db-9f51-416c-9f09-cba67e7da47b,Edgard Dener,CuQ4NsK05SKQqd
a9181726-a78c-4e40-a66e-0e43c44893c5,Vivienne Hellikes,DH21DAo5vcGcqc
d6eaea99-926b-4047-acef-1656ee78a762,Tressa Dike,4xgAZnFgMPT3n5
2ad84a3d-6ddf-4df4-b731-8a192047019f,Dwain Ormonde,7367Ma30YbXktc
9595d207-93af-44b1-8f9f-77168e09a052,Dell Nuscha,SKRgmgjQVQFM6M
912eefc3-de4c-4aa3-90d7-d6218c8fdb40,Anthe Shoutt,gahCK21YTOqQlG
c3afe796-67da-4326-b1e2-dcb189295c78,Stanley Traves,VIsofTalKaNRpC
93a34cb5-37a5-42d8-8b39-c25fada8ff63,Nadiya Heake,ssi5kDyNu3FI1G
82369b90-8b1d-4d7c-b674-9c0cc2e5593b,Nissy Godby,Ls52xilG7WnBdC
02529ea5-cb0b-4d8c-aba6-964aaff9316d,Caren Dewbury,47AH1EI4VHDGhu
1ae2dd29-7683-483d-bd60-756454db100b,Putnam Huyghe,amUbmf943HSp20
20eb6278-ad4b-4420-b0fd-25052f93ea5c,Farleigh Olenichev,Oz7ve2kqeGS2tn
743dc712-42e6-4f27-bd51-337dd4ab5e90,Federica Perham,FQI3wOq7RvSD1c
a51aca8c-213c-41d8-8c28-9448d053e112,Amalia Marciskewski,L0oNOoXpTqJtDd
d410ddc3-4af1-4b12-a2c1-d223f89a8310,Shayne Daoust,iemqhypNxgtIhl
94c8c70c-350b-41ee-a00c-2efc9d8a44ab,Effie Smickle,AJ3pgrxS6BuQYB
fcd7ed73-3ed5-49d1-902a-c741dd2b9d1d,Dimitry Giurio,5Sv5GgT4QOFCko
92e28bc3-abda-473e-b7dc-d844a6737428,Paloma Southeran,p4ZHw6vGLc7ESY
baeb9952-3f07-45c1-a8cf-c2518660aded,Fabio Probbing,R6PiZywtDMbgN4
66b27515-eb21-4808-8663-ac7f6144dfa8,Gonzales Seymer,CR7Mmv8k9O1ac8
14787288-e6f5-44a5-b0c9-102debb8edee,Vally Skeat,hXoEgAEl6iXK2C
5a4dbcae-9c5d-491b-8add-90358977d824,Obadias Bambridge,XV7aeFfbxu7Kz8
c22938a6-5662-4c72-aa1b-558faf3889fd,Vitoria Cordel,dNsDqlDIPPJQL9
0d9953c4-4230-4809-81a3-020436f57c66,Astra Phillip,f8CDbWpW8yOxaN
cbd69086-2185-4703-a8cc-31cc56f17adf,Nickie Michell,1r7Ox0BknavhOE
2f793ef1-9151-4193-8f7b-157a8f72d01c,Lane Littley,NQtF8FSiOrbQQC
2d189ec9-50c1-45cc-8df3-a4416609299c,Bibby Jeannon,FhJArG4NhiSu6n
d2cfac68-2932-43f8-a077-5747310ece94,Judy Kynett,u5vm40J8mSNgP6
2d619ff0-60e2-4e63-a19f-6f49b8a58c78,Hugh Hulland,weW3a8dsGYByh5
35361034-5a58-4f52-bc0b-69943b97e3e2,Phillip Dumigan,ZVsZUK3m5IKIMj
a3f3fbe9-220f-4e83-8ccf-07e3723b3273,Flora Ollington,bsKEfSbSin9E1Z
05a94c8f-13d2-403c-9703-e0d7c4008281,Foster Lemmen,AmQ5wZTZEU26zo
4e75d761-a6b0-4ef7-9082-1b8063577a34,Darla Sauven,Bz38jOsz5qeMjz
645936e6-5548-4641-a412-555da659c387,Antonietta Bier,xcQPFYyUjiMsD2
e4ecba9a-c54f-423d-bd34-02fd7daba2f1,Marlene Graeber,DctjG2xRCymDAY
2f88bd7d-6575-4fa0-ab7f-008ec4eed5e3,Cordy Beesey,KnklW2TgqBtXqF
69e45df1-2b2b-4aaf-8de1-7c7d10a45b75,Novelia Barry,Njnn7UrKTyQzi1
024d3886-7cf2-4136-a4e5-70d916e93477,Lily Renzo,QIkCZtwrQlkyru
5f778c68-4365-468f-b971-4ac6f686bb1a,Blinnie Purvis,oRWjSUMfDIDITf
4e5d6d0b-1b08-497a-95af-40420e70611d,Dunstan Chevolleau,1zoAtTOLkVKsT4
bba15653-158d-4ed4-9a4b-00b79c7f6af6,Allyn Scapens,IUPzojDXkhG8pQ
9e47c731-95d4-40f4-add8-6d08589f03ca,Pamella Willmetts,kAAO84zVIrOQMe
ad629d91-3e6b-4554-99a4-2c978a19d256,Connie Durno,GWzeJ4Ctt995td
f3784343-c473-4cf9-8d65-5d772be40f27,Nahum Cruttenden,82rekIWetLVnce
cc77825d-7e9c-4f94-8e6f-819a5fb92f9b,Crystie Merioth,gfCRdlp7PQN9ix
d06d1ccd-0e52-4df7-8a53-ba8e1db6f958,Eba Caller,n6yd09y80yc90f
1617f869-b764-4b01-80e1-a055ea9ed872,Damien Canniffe,M98YyjVfLImmYT
2f1d1378-0e10-4355-a670-16c254378d46,Barron Domenichini,Fav9fdeQs5OVtd
deac4f52-400d-4731-89b3-a75702f0695f,Wald Rabier,rXUXJD7wygTJ4R
005d08c2-2705-4f0b-bc8a-e35d2bca16b5,Adey Bowlas,8iw64zf1Fj5DzF
396b3ba8-9eca-4db3-b39e-fc0448c2fb18,Virgie Cuell,ulmBcdYKMs7ryW
6218894b-6560-48b4-824b-f3d36d9b63fc,Jacobo Liffe,YdpJqgazZDgNRs
b24f1fb2-edbd-4bf0-9dd0-b74b47027ae3,Marinna Aggs,8xaZIopvu4dZfT
cd4a7cdf-314e-4e5f-aba8-ffdb26874b89,Hillary Geelan,GBEmbh11i5H88W
175b0611-ad0c-4b47-8b79-fbec38f8ac3b,Anselm Eadmead,OsBft5qpF4NfIT
9ae3fa3d-bd7c-428f-a55d-1389633c3894,Junie Jaquemar,WxlUQ2zpEFmjfz
f2340398-db57-4f1c-8496-96a84c3bfe88,Madelle Druitt,XHmIUOXYInWPfb
8819681b-ae1a-489e-ba98-99a274bfffc7,Niels Mayberry,RZhnszxdkWUWTt
b93103fc-2209-4b3b-a793-3a57c9cfaabd,Dunc Welberry,5fwA15VeVNnbsw
8e91ceb2-0ae3-42cc-9d3b-f4be46346e8b,Cindelyn Roloff,bxPtXoWLcOD12D
d9b353cc-fb5a-4b21-a17e-0f10dfef3df8,Elton Aldhouse,PdqhPiV6YZLej4
3403d10c-bc21-46e8-ac0b-558f6f951747,Merl Fellow,ZcQOm2iCBjHxG0
5b543265-5898-4837-9e05-0e622b9f3359,Bettina Zettoi,CSs5rvxSRwUM6a
6fa21be5-e73c-4371-b93e-1c47103f365f,Cornela Dockrill,Clz7y2Gf9RiFkN
bae62b52-1f41-4ab2-9ce1-3589c7941e00,Yorke Bufton,04tZ2bvFiJHpqP
04cda6e9-c911-4087-be8b-d49a7d7097fc,Olga Brookwood,ph2tMjb0Ncy64G
c3b4ee4f-3306-420b-94ae-6668d768db85,Rosco Kellar,HDpPrRIC4NkQwR
cc7527e5-2859-49ea-b839-3fdd618e77e0,Abner Assender,rU2b95tRzBXzug
1dd79eab-f602-42e6-919e-dd2cec0b95f6,Athene Plume,vWQyQDJ8vRVdfu
56ff4f86-a347-405a-a152-1e104e3c5c67,Hastie Dall,zlXpboQZOXaOSr
4fc078d8-988a-454e-b21f-a97c1d11e6f8,Claribel Grouvel,jiijk9vdF7v15t
61f4ca62-e82e-4e27-8577-b233db82f65f,Estevan Canham,KCZR2KhYN8f9yZ
ef657a14-3244-4d74-baf2-cef5d16ecb8d,Fanny McKirdy,IIrWOe586M7g0q
3ba425ed-e6aa-4cfa-a911-be130b71b26d,Christy Hunnicutt,hRAJyAiSDJ2uRA
ac535ac2-6112-4a5e-ab00-1fec4bc3cf96,Lise Dunderdale,uAXroyKz2sg4uO
a94588ed-96bc-4788-b47a-036b18e4dede,Hervey Abel,eevKUoxS9HaPVk
c8d535f3-da41-477d-b085-599310c73dd9,Larine Coker,Lq9aXj6UrAnEKj
440af9fa-c155-49cb-b52f-ab018bda51b7,Evangelin Thumim,d9jn4abLx9G1Hu
4bbd54d7-d8ca-4409-8183-00502c09b608,Ambros Gogarty,Z42LZVSbj3OnmY
03a6dfbb-b0de-49d1-8a12-2a98faae5da0,Terza McPherson,qSlIdQcJ2xv8C8
3aecdf36-2367-45be-92bf-418d5d6f7a59,Sallie Crann,yrMHfqY9jYSgBR
6daecb23-2e5b-4b1b-9483-f418d29fd5f8,Kathlin Dashwood,psBT7CpcTtULJO
f7b1b365-7d45-4417-b77f-1e1f7ea082ce,Ruggiero Poulton,xk5oDVedlVmZAx
99b66003-1d8b-4e2f-a43b-6de1508f5033,Diann Kienzle,fzkluSvKMy5qII
83769754-6f03-44d4-9955-5740a7701b77,Alia Standeven,0FS2kkHXgw4sGl
69224250-08e3-4690-91e6-e1d6ba3ac30e,Halli MacKerley,7N8vl9bUJAOMjh
2ce97a41-76c0-4324-beb6-0ba3efced65d,Kendrick Wyse,Oj3Op2NC7dAgT1
ac6165c9-267a-4b1c-82a8-b82178b3c865,Sibbie Greenier,e3ZXoH8DGvah19
be3ead63-42ed-40d2-a712-824aa766d73f,Boothe Billiard,5W8xjhrOpllgwK
6ca11029-2ce3-4198-8a68-b1db7ba5b6e7,Livvyy Band,m9eNVklta0Dl15
127626aa-50c3-4c87-9beb-53348b51b72e,Pepito Thome,kZDgmdK7JKuX14
0bad2236-99a5-4359-8591-009fa6498a81,Rivy Pitkaithly,T6XrGAT9j1lZ6v
05c4e512-cad1-473f-876c-de9311b513ca,Janet Burnsall,HArT9LUeVNDrgl
efda019e-21c2-468b-8975-4b12669257cc,Ferdy Pledge,56KtcHxZ8HFc27
4a5f89c4-a562-405e-b7fe-6c1767973361,Lee Powdrell,9IrBhRMrJcis9o
9df55c43-6149-4677-a7a1-7d32b792307f,Nolan McClory,632GP82gLLLxaf
68a76222-54ff-4fa3-baa4-109aa35cd4be,Antonius Routham,JWOIUWuBj76bCe
e99fa233-9eb3-4e16-9d41-63ad4ab874cc,Derward Shannon,ZrTSflTiD6FmXN
464ade68-961e-4a54-a1a5-395cd04d2867,Wilburt Starmer,MGrmnGDjpn7PaZ
dcd3ac7e-fbe5-4d25-815a-8f1568f9f271,Rana Blunn,VJQce0pLkYdtIA
9fee7679-7cf6-4b7f-8521-5a492eb1cc4a,Claudelle Schimmang,F0qTW7URZKKcXh
597355ac-760a-465f-b42e-821279ecb731,Lanny Micklewicz,kbwz3nQ4ooxcEX
5fb81e92-9682-4e06-8f55-d065cdc1cc75,Austen Scartifield,sNhau47dyb7c0I
bb6746e1-f2d8-427c-82dd-78fa2d07dac3,Pernell Carver,XPvSv6iOcOawB4
634a0932-d1d5-46ac-9b91-6f539016931b,Traci Coulter,Djlo5onKcuFa3R
97d12835-c632-4003-91f0-145de1f992ca,Rik Hammerstone,Ot294eGfApDrmh
5a3777ac-94dc-414d-9773-f883ad22ac2c,Elmore Goodisson,Xtl2yqfcE9Ogcm
33c027fa-8913-401f-89db-34fa65c77219,Waverley Toke,7hWiFcEuM1D7x5
31dc4767-8419-4867-ba0a-6fa8820750ac,Kimberli Laphorn,LxLONg0jOgMLlb
55f31542-7724-4416-84bb-a25982be19b9,Marsiella de Courcey,i4Lxgo56f7QFY4
c3837880-d9b8-493c-9d65-44f0aa9dba71,Averell Fontes,dyUby4Tev29PPe
7911c685-27d9-4d95-a02e-daeeba69adf6,Caye Perton,8eV0MP9txS9yBJ
ab077da4-5eea-4028-a38e-6a94c955706d,Caryn Shorto,RtPoy3S7SAAFzh
3a831bb7-0c24-4c6e-ac29-5438bab70604,Ransom Maun,zrB9cvW6aMcyqt
2b1fc816-d20d-48d2-bda0-99a5b580402d,Chas Binnion,Sckft5urfYqNEP
c3c6b4d2-a082-4dde-bf00-067208f061a7,Avery Dresche,z7kUGhRfxJWR8J
97c3d44e-6642-404b-b382-c8ab5c92c0c2,Willie Willbourne,i5zZXRqw7ZcK4v
b0447ead-14df-4a86-b50d-9de83a859b87,Annamarie McCrillis,NpIZFGhkGdcoih
33aca52c-6da8-465f-8b70-05f65e19ab20,Susan Tindle,tEySrI2eVD8Mp0
97917566-93e4-4997-a7e3-28943fc31d61,Gene McMurthy,t38gEkGEqm9QXY
ad50956a-de7e-4c31-ba99-507dab7b70ea,Rafi Spoward,M1k5UKVuxmxHQa
c5b08169-203a-4b60-a96b-a592f40632b9,Sol Farrey,VbAMmWLhhag9f7
bc4bf8bb-44e6-4d88-8766-b2f41d7bdc51,Fidela Eastwood,RIU9R7sJCIVjZA
76b07f63-2616-4fda-8392-8ab81dc29378,Emyle Colquete,lCSQDpwv3W1UgK
f3bc6ba9-5515-4430-8366-7e6ed60eccc0,Jennee Crocker,4LuzM7s4xD9GHI
c220665f-3477-4bfb-b88e-46a1bb0177ee,Barney Maggill'Andreis,QYOmSrGNyeJHWt
3f27bf87-3ce3-451d-bcd5-0e6b25b932ff,Olga Glison,zE2Jj1nGoeS9dR
6e2b5841-09ab-4323-b049-6da47dc4b9ee,Jessey Muspratt,GpPBJBsBTgTZEs
0334cf00-a7d6-4e23-bf52-656659607672,Dorita Gerrens,WKAwezEwAG0lIg
2979bf31-4a3f-4207-b544-a20ded3c04ff,Gun Danielsky,7YPLQfJ91jVinL
955f294f-5f3e-4663-88df-a48bf5ae7956,Ninetta Camelia,Dgn8YgrIGPQH11
bdf42ed4-b069-486b-b29b-0aa8a1bf3af2,Helli MacNeil,akFBysmXZagNjk
821670f3-c0f0-4bf9-8326-4171a47ada85,Salome Metham,CSOrpN5LoXQdBX
20d49875-327f-4b9f-9dcd-38af312e4ace,Duane Warmisham,o6awpch2QiZ1A8
0d46f33e-595a-45fc-88ee-ea273f2c52b9,Winston Siddens,wKKqnouEqG8dc2
11f20c0c-c0a4-4f63-9dd3-c62797d7b442,Viviyan Tuxill,BYBHCbhTV2Fx6H
a11c10f9-b72d-4921-9378-1328ae6bc28f,Sarene Killingworth,TfjZKN1mnhDu6v
86abb52e-dd7a-455c-9ebe-43e80678fbb3,Salem Kennet,4PEJ0OFMjgYCjy
7ca88059-1ccf-401a-b43c-8ac1fedaa8fe,Daffi Lyfield,gcZenoz16uLm6O
5a9f0590-d041-43d7-aec3-f4a5c8838ec1,Brandice Matyushkin,WObEMhkjvaFRtl
51c39aa8-86a2-4f96-bce8-77e1b3d4b4a2,Boot Artist,Uj4h8gk6vsIS1s
942efd9d-44ec-45b1-89d8-1d4668299fa1,Leland Rimbault,tE3tTVBJanCVsc
a08b96b6-203b-4e41-a61a-e83559c15103,Maitilde Leckie,OQ2yyZRWo5Ie4a
d420fc46-9db0-4f0e-abdc-44388ae262d9,Basil Scramage,n2sDSRuKgNjLvn
021ce5e5-c312-4885-bead-3d91d92ef7d6,Kaylil Zini,wUDyG3jYySoTkj
0eec003a-e4dd-4c0f-a23a-4e96dc35a574,Candy Motte,hl2TrT90gcybNx
f9f86063-f048-4426-a266-b1df1bb40167,Emmeline Degan,DCiQEgV896Tlj4
ce04cc97-7b91-49e7-bddf-9a6fc6749741,Anthia Nutbean,jGKZ1wIHRybJCT
3ce83dbb-87b6-44f5-adec-eaca8c51ba80,Brook Kubalek,dzGdwElrwvvQhU
d27afe22-ea09-476b-93c3-9d318474d890,Marvin Mucci,jF2aTSy5a4PN3P
87cdc58a-f6cd-4cb4-bc24-56220ce5ed7d,Calhoun Thomazet,b3qoss0GgylYRB
173d0e92-6dc7-441e-8ba9-a7b94d45394f,Cheslie Hartnup,Mx5xKE2rpxWVvS
0db0e058-1645-467f-87bd-213a34236ffc,Rozina Atack,VDUENhU1FQup7P
1941f802-8d9d-4819-ab67-85cb89231a3f,Magnum Dahlen,xlYF0177l8jWub
cc0add01-8ec6-48bb-bfe7-5cddd7e84217,Constancia Asple,mO659lFbExVVqh
00569d3e-4d57-49c9-864c-309d2eef98ad,Xymenes Dunkerk,LN54f2UEZeoRrj
85d5788d-63cd-48a1-872f-b48926d308ca,Pearla Jorissen,sYIsShYa6YTCCS
a93bd908-27c6-48a9-8441-8852b5675eaf,Sofia Gracey,cjVlYGkBtFQavf
e8b19b65-e602-4343-b871-a3969312f187,Haroun Cromwell,5WgaqY1245mSlx
92f5d73f-1373-4db3-ab1d-3683aa58d989,Rolph Lauxmann,D1CZlBAcl75yyJ
874ad8fa-32b0-4a00-95f5-89552a2598e7,Torey Gabbett,v35nuBwZaHWcbz
8a6b08d3-a74b-4375-996c-c14d582b83dc,Teressa Chapelle,P5RdrXw44QfF2s
6f4e2e61-8870-47d3-96fb-08a5add19d45,Bradney Exall,YjC6MijIdwd1iK
8652620e-3bad-4dd3-87e3-45cbf38edb2f,Aldon Gardener,LkJ6ZZIMZ94DnM
f94f9008-ad00-492b-8e7d-3cf92a7b6ec5,Nichols Collymore,rBS0W4XHnOHDot
a02dbfd9-73bc-45e2-8a6b-8fca99156c8d,Alasteir Besant,yctlXiTcJakJmt
282f5189-44ca-401b-aeb3-4eca4f2a54ed,Rebekkah Raitie,eDdtBahHQ6w63M
b30b2040-1346-4e9f-a1a7-6be4ff1bd24b,Freddy Becom,4mPaRUxCL8XYtR
a38a1a8e-3dc7-49c4-a43b-0d3179e05d7c,Alberto Goodband,V6K6f3QhS7MN7B
38cda1f6-e43d-4b3b-9cc0-385fe0a9cc6c,Elwira Gayter,VJD5C6tgo8pSyu
e3ba6d54-c443-4a0c-b2a1-0e98b7e601fd,Christian Dellit,GnOlEEAxpYRv1t
28ae50dc-e667-4319-be77-9102a9be3761,Ezri Westmoreland,aRUXShxPDkUFzI
a2c59a55-21d6-468c-bebd-80ef2d419d37,Even Basford,N4p0XBeexTre5Z
46bc6617-da97-426e-8871-376b19d9f325,Maryellen Handmore,PvimNbQoYGxnRm
e787fbce-7806-4b1d-af81-455eabdc769e,Maggy Boys,pk5X0WatVXadsA
1d7b0132-ab01-4d37-8c16-ca27f8472dd1,Deirdre Pitcher,dYc8hB9cvXqhfY
0b5fb97f-f589-402c-81ae-8c35c0c69a88,Pam Brook,F2l0darHuMAlvk
edd10c9b-90d1-4b55-82e7-d90940f43008,Quill Heaselgrave,5WH0Qq1uTIHPSX
c5d60cd7-cea7-40b8-ba1d-9302c429b679,Mariam Allanby,UG6uAtovDO8heo
fba7ab69-cbac-48fd-8266-f8e91317cfff,Ive Runge,oCVjzBiNI7debg
641e9a20-27e6-4bcc-8913-bbf25c665c08,Pip Denny,HmpGwpXrAdIE5R
b05cc5d8-f815-4dee-be41-a71ef37908fd,Farleigh Emberton,yIJ3q7w4hDpMt7
f750144e-c878-4bd0-984f-2d45bc59ccb9,Mercie Lieber,fuLKydaQFrzNhn
35122d97-557c-4f43-bfdc-a0f56b65d654,Carol-jean Lavis,z0KsecZdXKBVNW
aaac9dde-8fe6-4fb3-9af2-27e39a9509b5,Shamus Ondrak,nIceqCnNhVgLzX
66f503d8-2695-4781-a18a-ed25f245cf62,Dorie Kohen,Wke3EGSgyIU4dt
edf68613-080c-458a-b5ab-9a88838f74f2,Talbert Whitmore,zcWqNRrgp6zA1i
51a10e45-bf93-43c7-b02f-9ea1a5040dbb,Britte Scrimshaw,FKqwn6wABeExcb
2ec5ee95-d78e-45b1-bfd4-4c88a2026271,Vale McKeller,9p6jru1CZEE1Qt
adac6bd2-16db-4f2b-9d3b-be04c9b009a5,Veronike Golling,0xYgVDh0KTuMqH
e92cfa1f-16e3-4f92-9229-70f7de8eabe7,Jacintha Tidder,lGBYKs93DfMHe1
0a2eb523-527b-4af0-829a-44b93a186132,Shalne Gibbins,Pmnp61ymtxR7Ae
ef17f24b-1f08-41e3-9071-16cf6afeeab0,Elbertina Dossantos,havx6ajyfNiF0D
1fb3b10b-c732-429a-8995-4d20a4ece519,Margalit Feary,uKGPQKRKveFWxm
6965e586-4331-421a-8cae-98b9542fc64c,Craggie Blazdell,Bpq2mOSSi19vPT
dcd49818-ef46-4ef2-a812-934af5bed1e1,Toddie Sallowaye,gC6JyzOKf7UyPf
0b183301-115f-4ead-aed8-f16555686cd2,Brewer Fosdike,1aiaf3wxsXnfrc
427413f2-39c6-4f38-81b4-d4c2b231f036,Romeo Dundon,riyTKMm77q888v
b9c8db2c-b39a-49de-ab30-fe90d2d7f555,Jareb Pidgen,mZaJ1Ff7oo6TFe
b5bf781c-6e0c-4819-8429-ba4b82adae5d,Val Scoles,QancIhoZFd1q8F
3abbf622-ed2d-402b-9f30-7a2c1c6036fd,Christophe Ovitts,Ul7pmSrZC27dyU
72e41d2c-5a2d-4b4a-a336-ac2e1407f179,Maggi Gottschalk,LS2ORIOSRPjQkv
21f2bf4f-1dfe-4625-a045-c24fb806d409,Elenore Enbury,GuP7GH1ZuAOKSp
f1702cd1-6691-4e9e-ae0d-3f0db9a06fbf,Mario Vivien,OQl6SKkKCDvJzt
94473d4f-80ba-4c07-981f-6176154c472b,Gavin Happer,TTt7LGKZjD9TnH
3162bd30-4e4f-4318-a4d9-91bdfbda8fcf,Vivian Adiscot,0l70mDma4WbsUp
c5820a78-b8ec-4b98-8c28-3b5576999850,Juanita Thurbon,gKrrP7eAQMXBeK
1ee80b3a-f05c-4446-8bdb-84e1db9ef95c,Munmro Duddle,9dLkcp9Y1GE3WN
fef7fbbe-7695-4c8e-9629-74a9ba418534,Gray McNeillie,fidlBLy0N7pyy9
a127d7fe-e9cb-4449-8066-3468775a827f,Morrie Saket,bKhOw2h9vYFZCz
17445d6a-aadb-4707-b2dc-7eb033298690,Byrom Maiden,cd6BvNaoLQHuBh
6fb9d17e-846a-481d-b50c-53702990d3fd,Bette Whistance,naZBC07plyndTi
6bbf2802-32cd-4eca-baf9-41c1b13fff5f,Fidole Faulo,IuZJYccBRu9NTk
7a94018e-79f5-4e4e-84ff-701342287c9c,Stavro Scherme,Eqm5JZo3h1Z4Ya
76edcb54-751b-43c0-a7d2-bb3afe0f30ab,Robinetta Gilroy,TYkwtsYdsLnOKv
65efbbfa-cf02-4eac-a318-c7af4a3f9c9c,Madelina Wais,L8gpFKBmAgXOr4
fd82445d-e69b-40dd-a3a4-ed38b1834c14,Karissa Sweatland,bushPjuLqZD9Wc
e41bb272-871d-4f7e-94dd-7682e5d1c72e,Ted Espinho,QJQOnpFvuroq00
f9c98456-1deb-40de-a5f0-9b7213b7a468,Evaleen O'Mullaney,UC1Rz7OpK8IGgl
7107fae0-593a-48d4-9958-3f37df6dad08,Corenda Crombie,pOwrFQXIOd8QUk
7f30f5c5-3437-4fcd-88f6-197c34c9f3e3,Janeta Vardie,Kta81oHM7k5161
7255b944-b6f3-4cc9-adf3-aebbc1889d02,Brennan Addison,3hgjzAuNbu5wPm
cb42e672-0bc2-44bd-9e42-a32bff3b78ec,Hermia Fried,QZvof0G06h03l7
acbeb4fc-32ef-4fc7-97c3-fe0af08707a2,Cherilynn McRinn,M6QqKLWRSqmK9A
18845477-83ce-470d-aef7-ffc2e112b5e8,Robbin Zorener,WHhq6NCVT9XTQz
a6178dd4-4e22-4733-974a-f8d08876cf6d,Janetta Adnet,tCffxIkveVWJ0v
95d79353-e55d-47b0-a0b2-96fe93b95ace,Paola Duddan,nUsMTWwH0oCGTb
d8ded64c-3b53-44f4-b2d4-774d42b28c28,Jeannie Chismon,ZXT7op9Pa5vv9c
b3fb8f00-c689-49d7-9859-45384c0e4e14,Bekki Tuxsell,WOJH9rjNeZkLpG
8e47f2a9-a48e-438b-9711-2751fce2fd62,Malissa Guiness,YYl0LLNUqBPAvR
423fe76d-8022-4379-81e1-508b87a10155,Reagan Reignolds,QQsQ9KHK8n7Bet
4073a767-7a84-4e42-a63c-cbbce62cea64,Filberto Danilovic,PJtowWNDQ1EmOZ
17d80c17-cbb1-473b-8222-b2e04471bfa5,Chariot Rosser,nQmU8qf9s1kKLo
518f7511-c25a-4a3c-bcb4-94c4559eb71e,Lucina Childe,NffBpEa2waKpzz
1780ee01-0e31-43c2-a5da-0c49fb39bc91,Conni Yuryshev,kFHU5OBvH5kgoq
18ecadc3-2e40-48a3-9520-2fcbf8b23eb9,Ari McGivena,PmzOdoF4GS7C1B
f291326e-241e-40ed-ab78-348bb0293b6a,Percival Cove,Cu4ejGv45Le0fZ
9198da9c-6942-4ebf-b101-dffc2b528570,Granny McFee,UQjBSiSdOXHMTa
3f912602-08ab-46c2-abfe-b76f8697ff05,Trev Cothey,aRrIAIH1fP8d7e
c424a587-b596-4073-a4c4-250e273f8528,Otho Earsman,glgfsC7fo7zImo
fef8c458-f6b0-4413-b598-a11872c69dc1,Felicle Gullam,37gM7MThuz2dHY
6920dddc-e206-4de9-bc65-05f389a139f3,Emilio Dominec,lIFHRUVSioi5gV
78d05934-c363-42e3-bf61-5e8d70345091,Aland Boyton,GXO0IjvT2CLqfP
41a147f7-a1e0-4be4-a3a5-415c94f1e0a6,Del Fortey,A7qSLQQrqJx1nU
a50dda2a-42cc-4d01-b110-649769e90c3d,Georg Feary,1X0SiEyUokK2Rv
baa483d9-a856-480a-a3c9-54df321a89d6,Justin Caldairou,ES3ZagLgLFPhKq
794940b9-48aa-4684-b089-904e5e3207a0,Luciana Wrennall,VHooaTprdD6z9z
cfadc90a-8fc8-49d2-b302-2823dbd721b8,Filippo Chesman,WTHsiHeWkmrlYP
f58ee092-b007-473c-a1aa-18718f94c24c,Zorina Korneichik,CDC1QtRFJ8nNIx
7a1611ba-2520-44b9-946a-91db3b83461c,Raphael Girauld,nxMPXeSOh4IeAG
0bf6c060-f95d-4e59-bfa3-a429a0068111,Aundrea Jaquet,VZaPX4wPwJO1kf
36838153-eaa5-4b1c-86df-eae53cc09ffd,Kayle Geri,U7zQeqV19cxElo
7459511f-d7a8-4d03-8d2f-b43dc72532d0,Pyotr Byllam,MnsUgO4TeGoECs
e24d2371-5d8d-42aa-b4f2-783a16963f0f,Killy Yakunchikov,xTD1L5Ga8uJwHn
bd7f5cdd-c379-4f8c-99c5-a381565d52ba,Erastus Giraudy,kKa6zQn9kh8x8A
426a06eb-9248-4066-9fe9-7a1e89709274,Allissa Titmus,4910oKYZ2W1xb8
3ba0342c-dc31-4eeb-be3e-ff9737e8827f,Bradan Ivushkin,cQ3on6klUsyMec
d6ca3013-35c4-4901-997e-c26037facffe,Christophorus Huc,ZoygOgvYS6uzgB
e0f72685-c2f1-40c7-a987-05bee2525007,Milty Limpkin,SRpTOg4BeMResU
4adab1a8-1e15-4860-8c53-2972d4d71938,Agneta Wolfindale,duo3m6wQUhq3Mk
b70fc68f-b1ed-4720-8b6c-06bca0aa70c8,Debbie Silson,PT45Hj2KPCpfZF
a5d7753a-3c4b-43f5-8c19-83f46b256c91,Aksel Bernolet,V4rcaqp2RMwG1W
44e72b1f-9b03-4cb0-9594-767a30bb454c,Retha Beaushaw,pF88dcRtgiNAFT
80ce1941-624a-4138-abea-66fb58903e47,Casey Porte,vHsAjNTk7Wh5XW
a5efd765-d52e-48b1-9869-ec0e320133a3,Gary Rispin,wWkL5fBXAkqso7
333c7b94-d4d0-4501-8b50-1f46110cc56a,Maris Cisland,UmtJZ6DxMsCtP6
53191811-9996-4d55-9d0b-03cf460a124b,Filmore Bulfoy,1hGo1FsBVNI47f
72b2805a-71c2-46ca-bff7-cf7499c0e391,Cosme Gosker,g5wg7G8t4qwebr
20ff4fdb-fe57-47ac-aa29-8871b6d60264,Jacynth Pilmer,uhBHcmvpu6cTwK
fabcecf1-3de1-4bbf-ba09-9f7e821117e1,Hakeem Milham,BVFXdN1x7wsUcp
f156a3d0-8aeb-4e24-8c9a-c67a1c206b16,Nicolea Handmore,w1wbn3yO101sev
2093385b-92ca-4681-baf2-1078c028dced,Nathalie Kightly,NaxuQqqgXBGDKN
84e54e20-8a8c-47f8-a82e-96c8bdec0d65,Jarred D'Orsay,UoVWuf0UnDpaUt
e4de109b-2be2-4324-a31a-1938a034622a,Gwynne Vonasek,aEoFOSJvGx1J4P
9ad29415-215d-4474-8bbd-7f1cb0b325bf,Grady Scotti,jT9SeBUx2Zo0qz
fbd234ba-4b10-4cf6-bbb1-0cb22007e890,Perkin Hucker,l7KGj8SnnLS0V1
d899a8ae-9cbe-42fd-819e-f95598aade14,Joelynn Phare,Q2drLVZeUk5NH0
8306f9b3-f7c2-4203-803f-36782eb45c63,D'arcy Fullerlove,YYzngHyDtNvHlK
ef66a639-3c88-43cb-b229-f7233669de6f,Sax Flawith,xgAHWFsyhfPuw5
b88eef65-da1d-41d3-af13-16b467a09d94,Carmela Maylour,xZGcy5AQ156Ii6
1ece4f13-67b0-4669-a216-5ee5e25d689e,Danella Othen,eNzsEEhDqAp7mn
1e143c05-4e5d-484d-9737-d3a8f15a654d,Nicki Stair,h8COfuDPp0DmQL
8f44be7f-6413-44fe-94d1-78b3265de856,Maureene Broggelli,Jhm8FqUncqntGO
1c5e3545-0688-4dd0-85ef-209533812dd2,Dieter Szymon,1ZWcGhH5uWgZ28
5ccf8480-dc49-4067-ba57-0eafef58245e,Bud Somner,l8TsFgXMCjtPGV
12c8079e-1a80-45ab-9d76-4e575247a1c3,Olivier Witty,9B0hjt8NuojYGb
4ee362d1-47a4-4a63-a96f-5f68149113d0,Thibaut Cyseley,LS3yagKcpuKvb8
6258ca57-ea02-48d4-bf5f-da275d76ca09,Carny Poon,cbmG7qyGYjbaHx
813f3f18-9cd0-4a5a-b3ba-5ab7497e2a52,Roseanne MacWhirter,iyvvFgOHDmHvCM
d27846ff-ad55-4569-8f5d-02627d58e44f,Dyanne Ormesher,27ld6x4pcb28qQ
aab0c830-02c9-4855-b6bd-b75d0038e7c5,Josee McLafferty,pJdu0mwzHhSU3T
64c02404-f278-4ce4-8b19-b9c92db17a93,Sigismondo Linguard,LTIk0f63D1aVqY
fbc6f1cf-7e4c-4f22-aac1-022bee2c30aa,Zondra Huison,qfZVs9n1eJoGzl
2f1e1abe-8b84-41ba-8cf5-dfc480df50d5,Desi Keay,JjAkWAWPcMV0T6
511ab5ff-d1a3-40b5-8c79-1880f96ac6c6,Nicol Nelhams,a1TSGd35ERhXzv
7bc6cb6a-61dc-4c5e-836a-c0d35465370c,Jyoti Deaville,B3MZabvsV1a2ig
15a642e1-1882-4b96-b1fa-01ddba96b27d,Sigismundo Helks,jgu5MpgeyMymal
f7bdc63a-b033-42a5-9601-7e79e2d2b837,Josh Borrott,A9O492C8Pc26bY
b19f4525-4df7-4f75-b490-cc32efa542d6,Lyon Lalevee,nTtMJpfeiWFEzv
176c2a2c-d282-4441-9ebd-ff080a2e37ca,Donny Blacket,xx2DiOZ0HM73Ta
48c24923-d489-448d-9273-944de14a18e5,Dulcia Hainsworth,UTB7HNQ5EUGmZR
76370993-c27f-4c08-873c-0d2456830ac9,Nobe Opdenort,q5pqhpvXn0M3o0
a90f8978-3f8c-4d53-941e-dc9ff4bd74ec,Ulick Iacovucci,I6G7z3oD9xP0o4
831b0849-0166-4ed2-8653-ebc2d894061e,Tait Eschalotte,sMVs3D2WF2h61g
10e6aad1-1683-4486-80fe-581ede40a472,Yovonnda Jobbings,EPlyhSY362tauD
549b5f64-93c5-4302-a2bb-8f4c3ae0f31c,Shawn Lyst,zuD6gTyZjTiCEd
352084bd-f217-4df7-8694-64a66d90f3de,Amalie Jan,wI8aaEIS0TDbQO
ea5de155-6760-4215-a60c-a881fec65ebd,Andree Butcher,LnhFeDYLcCfLwG
d1a69945-291a-40ab-970e-77410d4a8240,Cosmo Boreham,YClTLzBzjQvKSb
c92a1007-d387-4645-a38d-72b9c5e35be1,Celene Peetermann,XqvkEM9JLJlJFC
ebdf7a9f-d3cf-4003-b59a-6a3a9fd70a66,Trixy Pipe,MYKgN2aVhhpTlR
d3db6b93-db1a-47df-8c69-76926ea4ee1b,Jayme Arenson,HaAzuYy3wkv7rR
e2117440-c64c-4a35-926b-8bef5b5d3407,Aldon Gregs,nNTmRctBmC373r
52505831-3482-41db-a12f-1c42a724cb84,Inessa Streader,11itulSt75Jeua
d98a4028-6be1-4ad8-99b6-a5fd94e6c94c,Faustina Armfirld,Ju0VaKkjlrfbIl
2b6cca86-1751-47fd-b496-9fe1d4e9c33b,Ulick Izatson,f0o859g4Nv0Q8u
ac909c20-b9de-4bbf-b2dc-07a22c5ee0af,Yul Lowbridge,cDKR95rwRe2Imi
abd1d6ee-d68e-4f7f-b5e4-f66eb99a7f6e,Augustus Humbee,kyw0oTUnaudSvm
1e1804d8-1c92-4601-9752-b75851bc1416,Blake Ploughwright,apYopfptt3TXWj
3dd45b84-a5d2-425a-a119-27a796af808b,Mable Frearson,H2EH5OyXxHxMK4
93cb311a-ec57-4175-b1d0-0b5bac96da0e,Salomon Ritchley,JPPQhYXWnXtWtq
34b1b92d-38c7-4c0e-ae77-43caa08f48f7,Gertrudis Polley,UivZzDb61p652l
6c939c78-614a-48bb-bce0-aef43684e1d8,Alice McKeaveney,f13U7VYdndcRZj
11942413-4149-457e-bfde-adc1c009e033,Jacquenette Wookey,OHrDlDbwVmx96u
2120c613-1317-47f2-a0c1-39713dd49669,Ebonee Wassell,zcSgMgeuDhvUjc
602c57e8-5c09-4724-925f-2e11fb8f4b56,Waylan Arnatt,EOQpM8w0ILOJbN
90338721-4465-4f70-bd9b-b5dc93e5c2d4,Rubetta Avraam,50iio6ZV8y3z2M
e05f32eb-d732-4448-911a-d2d18efa31a0,Shawna Ilyas,CPDeGxUXLG9C33
2a979d24-e98d-4400-8876-5d704f69ab18,Hilary Jesson,DeVXP8mQxjg1on
6d95aa07-3e59-443a-b0b4-308898291db6,Fabian Packe,so9vo8PQZIhDuE
ed581ead-f1f4-4ea3-b896-613f26161914,Evyn Kornyakov,TSRUeM0QYAmJtg
80101a86-9ea1-4dea-a7d1-c2622b637df2,Wylma L'Homme,RKDqLJQ5OgrM6x
9c6b4fae-b1b0-48cf-87f1-a661105f3cb5,Starlene Lanyon,75bGJpqmJSggvQ
c307e8d4-02b1-45e0-b8d1-5344884449ba,Sasha Roles,1OQQf3YZDUShvn
aae698f3-5cfe-41c1-81e3-b1978e3fe9ff,Albertine Blasgen,FkPjOO8PAYI2OK
e58be6c0-7921-487a-9907-ccf48b38a07a,Archie Braven,xV7jVaEBH6ly4K
7f77f964-62bc-40e9-a7b4-337a6bb16429,Faye Roughley,LYU4b67sQ30p5F
b5f8144a-9533-4bc6-af51-a8cffee6e0d8,Sibel Eskrigg,tFvfhBcoFAw2WD
bf4f24dd-8f67-4bb4-b983-dc08f6a27e0b,Devlen Holson,sNyMP4IWGmTNeJ
38fcec5c-9545-449d-96db-cd939f3b9c01,Gabie Galiero,BPaLcomftMy9N5
796db347-b89e-4934-b30c-f6921007765e,Robinette Duckitt,HViMZhXRIfAwbX
e6d03267-691c-4eaa-89b8-a5eb0364ed6c,Adolphe Sarjant,wkTHY7O1KYdHTT
